brazilian,Vegeterian,olive oil , yellow onion , black pepper , spring onions , medium tomatoes , fresh lime juice , hearts of palm , salt,,,,,,,,,,,,,,,,,,,,,,,,,,,,,,,,,,,,,,,,,,
brazilian,Non-Vegeterian,granulated sugar , sweetened coconut flakes , coconut milk , active dry yeast , flour , grated nutmeg , glaze , large eggs , vanilla extract , white sugar , unsalted butter , whole milk , rolls , sweetened condensed milk,,,,,,,,,,,,,,,,,,,,,,,,,,,,,,,,,,,,
brazilian,Non-Vegeterian,pork , chile pepper , onions , prawns , light coconut milk , shrimp paste , coconut milk , fresh ginger root , fresh green bean , calabash,,,,,,,,,,,,,,,,,,,,,,,,,,,,,,,,,,,,,,,,
brazilian,Vegeterian,bay leaves , salt , smoked ham hocks , orange , garlic , pork shoulder , black beans , extra-virgin olive oil , flat leaf parsley , long grain white rice , jalapeno chilies , smoked sausage , onions,,,,,,,,,,,,,,,,,,,,,,,,,,,,,,,,,,,,,
brazilian,Vegeterian,dulce de leche , chocolate sandwich cookies , powdered sugar , butter , heavy whipping cream , bananas , cream cheese, soften , brown sugar , chocolate,,,,,,,,,,,,,,,,,,,,,,,,,,,,,,,,,,,,,,,,
brazilian,Vegeterian,lime , fresh mint , sugar , sugarcane sticks , ice , lime slices , cachaca , orange , lemon,,,,,,,,,,,,,,,,,,,,,,,,,,,,,,,,,,,,,,,,,
brazilian,Non-Vegeterian,tapioca flour , salt , vegetable oil , milk , eggs , chees fresco queso,,,,,,,,,,,,,,,,,,,,,,,,,,,,,,,,,,,,,,,,,,,,
brazilian,Non-Vegeterian,pig , bacon , red bell pepper , hungarian sweet paprika , chorizo , salt , pork shoulder , pepper , garlic , celery , pig's ear , garbanzo beans , carrots , onions,,,,,,,,,,,,,,,,,,,,,,,,,,,,,,,,,,,,
brazilian,Non-Vegeterian,bay leaves , salt , fresh parsley , pepper , bacon , ground coriander , smoked ham hocks , black beans , green onions , chopped onion , chopped cilantro fresh , olive oil , garlic , ham,,,,,,,,,,,,,,,,,,,,,,,,,,,,,,,,,,,,
brazilian,Non-Vegeterian,eggs , sweetened condensed milk , whole milk , sugar,,,,,,,,,,,,,,,,,,,,,,,,,,,,,,,,,,,,,,,,,,,,,,
brazilian,Non-Vegeterian,eggs , baking powder , white sugar , cooking oil , all-purpose flour , milk , butter , hot chocolate mix , carrots,,,,,,,,,,,,,,,,,,,,,,,,,,,,,,,,,,,,,,,,,
brazilian,Vegeterian,ice cubes , coffee beans , water , sweetened condensed milk,,,,,,,,,,,,,,,,,,,,,,,,,,,,,,,,,,,,,,,,,,,,,,
brazilian,Non-Vegeterian,tapioca flour , salt , vegetable oil , milk , eggs , queso fresco,,,,,,,,,,,,,,,,,,,,,,,,,,,,,,,,,,,,,,,,,,,,
brazilian,Non-Vegeterian,hot pepper , water , smoked ham hocks , onions , dried beans , long grain white rice,,,,,,,,,,,,,,,,,,,,,,,,,,,,,,,,,,,,,,,,,,,,
brazilian,Vegeterian,cachaca , lime , cane sugar,,,,,,,,,,,,,,,,,,,,,,,,,,,,,,,,,,,,,,,,,,,,,,,
brazilian,Non-Vegeterian,black beans , bay leaves , sausages , smoked ham hocks , crushed tomatoes , smoked sausage , pork shoulder , water , garlic , carne seca , olive oil , salt , onions,,,,,,,,,,,,,,,,,,,,,,,,,,,,,,,,,,,,,
brazilian,Vegeterian,lemon juice , sugar syrup , passion fruit , cachaca,,,,,,,,,,,,,,,,,,,,,,,,,,,,,,,,,,,,,,,,,,,,,,
brazilian,Vegeterian,lime , crushed ice , sugar , cachaca , cane sugar,,,,,,,,,,,,,,,,,,,,,,,,,,,,,,,,,,,,,,,,,,,,,
brazilian,Non-Vegeterian,spices , red bell pepper , salt , onions , frozen green beans , coconut milk , skinless chicken breasts,,,,,,,,,,,,,,,,,,,,,,,,,,,,,,,,,,,,,,,,,,,
brazilian,Non-Vegeterian,caster sugar , buttermilk , white wine vinegar , onions , bay leaves , garlic , allspice berries , coriander seeds , sunflower oil , sweet paprika , chicken thighs , plain flour , baking powder , fine sea salt , ground white pepper,,,,,,,,,,,,,,,,,,,,,,,,,,,,,,,,,,,
brazilian,Vegeterian,sweetened condensed milk,,,,,,,,,,,,,,,,,,,,,,,,,,,,,,,,,,,,,,,,,,,,,,,,,
brazilian,Vegeterian,sugar , cold water , orange , water , ice cubes,,,,,,,,,,,,,,,,,,,,,,,,,,,,,,,,,,,,,,,,,,,,,
brazilian,Vegeterian,honey , berries , bananas , unsweetened shredded dried coconut , granola , a?â?ºai,,,,,,,,,,,,,,,,,,,,,,,,,,,,,,,,,,,,,,,,,,,,
brazilian,Vegeterian,sweetened condensed milk , salted butter , chocolate sprinkles , bittersweet chocolate,,,,,,,,,,,,,,,,,,,,,,,,,,,,,,,,,,,,,,,,,,,,,,
brazilian,Vegeterian,soy milk , blueberries , raspberries , granola , cranberries , bananas , apple juice , honey , strawberries , Chobani Yogurt,,,,,,,,,,,,,,,,,,,,,,,,,,,,,,,,,,,,,,,,
british,Vegeterian,rapid rise yeast , whole milk , bread flour , sugar , salt , butter,,,,,,,,,,,,,,,,,,,,,,,,,,,,,,,,,,,,,,,,,,,,
british,Non-Vegeterian,dried currants , sherry wine vinegar , unsalted butter , stilton cheese , dried thyme , beef broth , sugar , veal chops , onions,,,,,,,,,,,,,,,,,,,,,,,,,,,,,,,,,,,,,,,,,
british,Non-Vegeterian,cream sherry , black peppercorns , heavy cream , vegetable oil , rib pork chops , salt,,,,,,,,,,,,,,,,,,,,,,,,,,,,,,,,,,,,,,,,,,,,
british,Non-Vegeterian,vegetable oil , confectioners sugar , granulated sugar , dipping sauces , large eggs , all-purpose flour , unsalted butter , coarse salt,,,,,,,,,,,,,,,,,,,,,,,,,,,,,,,,,,,,,,,,,,
british,Vegeterian,cold water , brown sugar , almond flour , dark muscovado sugar , whiskey , ground cinnamon , ground cloves , vegan butter , chopped walnuts , ground ginger , sultana , flour , salt , powdered sugar , orange , apples , cranberries,,,,,,,,,,,,,,,,,,,,,,,,,,,,,,,,,
british,Non-Vegeterian,eggs , unsalted butter , double cream , caster sugar , self rising flour , golden syrup , bread crumbs , vanilla pods , lemon , milk , egg yolks,,,,,,,,,,,,,,,,,,,,,,,,,,,,,,,,,,,,,,,
british,Non-Vegeterian,ground black pepper , balsamic vinegar , smoked paprika , flour , liver , mustard seeds , beef , salt , hot water , olive oil , spring onions , garlic cloves , onions,,,,,,,,,,,,,,,,,,,,,,,,,,,,,,,,,,,,,
british,Non-Vegeterian,pepper , butter , onions , nutmeg , beef , all-purpose flour , canola oil , dried thyme , salt , dried rosemary , mashed potatoes , beef stock , carrots,,,,,,,,,,,,,,,,,,,,,,,,,,,,,,,,,,,,,
british,Non-Vegeterian,beef kidney , flour , sirloin steak , oil , celery , sage , wine , mushrooms , lamb shoulder , thyme , onions , pastry for single crust pie , beef stock , stout , carrots , bay leaf , potatoes , parsley , salt , hot water , frozen peas,,,,,,,,,,,,,,,,,,,,,,,,,,,,,
british,Non-Vegeterian,water , all-purpose flour , butter , milk , eggs , salt,,,,,,,,,,,,,,,,,,,,,,,,,,,,,,,,,,,,,,,,,,,,
british,Non-Vegeterian,heavy cream , ham , cheddar cheese , cornflour , onions , eggs , apples , flat leaf parsley , cider , shortcrust pastry,,,,,,,,,,,,,,,,,,,,,,,,,,,,,,,,,,,,,,,,
british,Non-Vegeterian,cremini mushrooms , unsalted butter , kosher salt , vegetable oil , black pepper , medium dry sherry , tenderloin roast , sauce,,,,,,,,,,,,,,,,,,,,,,,,,,,,,,,,,,,,,,,,,,
british,Non-Vegeterian,all-purpose flour , pork sausages , milk,,,,,,,,,,,,,,,,,,,,,,,,,,,,,,,,,,,,,,,,,,,,,,,
british,Non-Vegeterian,mashed potatoes , large garlic cloves , frozen peas , olive oil , fresh parsley , water , brown gravy seasoning mix , ground lamb , mushrooms , onions,,,,,,,,,,,,,,,,,,,,,,,,,,,,,,,,,,,,,,,,
british,Non-Vegeterian,cod fillets , beer , kosher salt , baking potatoes , black pepper , vegetable oil , garlic powder , all-purpose flour,,,,,,,,,,,,,,,,,,,,,,,,,,,,,,,,,,,,,,,,,,
british,Non-Vegeterian,tomatoes , milk , double cream , cheddar cheese , fresh thyme , salt , eggs , ground black pepper , bacon , plain flour , pastry , butter,,,,,,,,,,,,,,,,,,,,,,,,,,,,,,,,,,,,,,
british,Non-Vegeterian,suet , jam , cold water , parsley , yellow onion , potatoes , all-purpose flour , country ham , salt,,,,,,,,,,,,,,,,,,,,,,,,,,,,,,,,,,,,,,,,,
british,Vegeterian,mustard powder , flour , cheddar cheese , beer , worcestershire sauce,,,,,,,,,,,,,,,,,,,,,,,,,,,,,,,,,,,,,,,,,,,,,
british,Non-Vegeterian,superfine sugar , salt , white flour , baking powder , pure vanilla extract , unsalted butter , free-range eggs , milk , heavy cream,,,,,,,,,,,,,,,,,,,,,,,,,,,,,,,,,,,,,,,,,
british,Non-Vegeterian,water , salt , flour , eggs , butter , milk,,,,,,,,,,,,,,,,,,,,,,,,,,,,,,,,,,,,,,,,,,,,
british,Vegeterian,baking soda , margarine , dates , boiling water , self rising flour , dark brown sugar , vanilla extract,,,,,,,,,,,,,,,,,,,,,,,,,,,,,,,,,,,,,,,,,,,
british,Non-Vegeterian,cheddar cheese , butter , ale , toast , large eggs , cayenne pepper , dijon mustard , salt,,,,,,,,,,,,,,,,,,,,,,,,,,,,,,,,,,,,,,,,,,
british,Non-Vegeterian,eggs , all-purpose flour , vegetable oil , milk , salt,,,,,,,,,,,,,,,,,,,,,,,,,,,,,,,,,,,,,,,,,,,,,
british,Non-Vegeterian,plain flour , tomato ketchup , celery , sweet potatoes , mincemeat , herbs , oil , onions , chicken stock , butter , carrots,,,,,,,,,,,,,,,,,,,,,,,,,,,,,,,,,,,,,,,
british,Non-Vegeterian,English mustard , cheddar cheese , parsley , sweet corn , nutmeg , potatoes , lemon , seasoning , shelled prawn , double cream , onions , eggs , haddock , extra-virgin olive oil,,,,,,,,,,,,,,,,,,,,,,,,,,,,,,,,,,,,
british,Non-Vegeterian,plain flour , black pepper , double cream , sugar , milk , white wine vinegar , eggs , white pepper , dry mustard , cold water , horseradish root , beef , salt,,,,,,,,,,,,,,,,,,,,,,,,,,,,,,,,,,,,,
cajun_creole,Non-Vegeterian,active dry yeast , confectioners sugar , sugar , self rising flour , eggs , evaporated milk , canola oil , warm water , oil,,,,,,,,,,,,,,,,,,,,,,,,,,,,,,,,,,,,,,,,,
cajun_creole,Non-Vegeterian,gluten , water , oil , jambalaya mix , green onions,,,,,,,,,,,,,,,,,,,,,,,,,,,,,,,,,,,,,,,,,,,,,
cajun_creole,Non-Vegeterian,minced garlic , low sodium chicken broth , creole seasoning , andouille sausage , chopped green bell pepper , all-purpose flour , black-eyed peas , chopped celery , shrimp , sweet onion , cooked chicken , peanut oil,,,,,,,,,,,,,,,,,,,,,,,,,,,,,,,,,,,,,,
cajun_creole,Non-Vegeterian,water , coarse salt , garlic cloves , red kidney beans , Tabasco Pepper Sauce , hot sauce , bay leaf , green bell pepper , vegetable oil , meat bones , onions , celery ribs , dried thyme , white rice , sausages,,,,,,,,,,,,,,,,,,,,,,,,,,,,,,,,,,,
cajun_creole,Non-Vegeterian,water , cayenne pepper , shrimp , diced tomatoes , garlic cloves , vegetable oil , okra , bay leaf , yellow onion , ham,,,,,,,,,,,,,,,,,,,,,,,,,,,,,,,,,,,,,,,,
cajun_creole,Non-Vegeterian,Johnsonville Andouille , black pepper , chili powder , extra-virgin olive oil , garlic cloves , green bell pepper , gumbo file , old bay seasoning , yellow onion , grits , tomato paste , water , butter , hot sauce , shrimp , celery ribs , sugar , bay leaves , basil , creole seasoning , oregano leaves,,,,,,,,,,,,,,,,,,,,,,,,,,,,,
cajun_creole,Non-Vegeterian,butter , large shrimp , cajun seasoning,,,,,,,,,,,,,,,,,,,,,,,,,,,,,,,,,,,,,,,,,,,,,,,
cajun_creole,Non-Vegeterian,black pepper , bell pepper , worcestershire sauce , yellow onion , shrimp , celery salt , chicken sausage , bay leaves , paprika , wild rice , dried oregano , green bell pepper , olive oil , old bay seasoning , hot sauce , garlic cloves , kosher salt , low sodium chicken broth , diced tomatoes , cayenne pepper , celery,,,,,,,,,,,,,,,,,,,,,,,,,,,,,
cajun_creole,Non-Vegeterian,chicken breasts , diced tomatoes , celery , water , cajun seasoning , smoked sausage , Tabasco Pepper Sauce , garlic , onions , minute rice , red pepper , salt,,,,,,,,,,,,,,,,,,,,,,,,,,,,,,,,,,,,,,
cajun_creole,Vegeterian,water , green pepper , carrot greens , onions , red kidney beans , large garlic cloves , greens , celery ribs , vegetable oil , bread flour,,,,,,,,,,,,,,,,,,,,,,,,,,,,,,,,,,,,,,,,
cajun_creole,Vegeterian,dried thyme , freshly ground pepper , bay leaves , garlic powder , dried oregano , creole seasoning,,,,,,,,,,,,,,,,,,,,,,,,,,,,,,,,,,,,,,,,,,,,
cajun_creole,Non-Vegeterian,green bell pepper , pork roast , creole seasoning , garlic , onions , celery ribs , bacon grease,,,,,,,,,,,,,,,,,,,,,,,,,,,,,,,,,,,,,,,,,,,
cajun_creole,Non-Vegeterian,tomato sauce , dried thyme , chopped celery , black beans , garlic , green pepper , chicken bouillon granules , water , smoked sausage , chopped onion , white pepper , bay leaves , cayenne pepper,,,,,,,,,,,,,,,,,,,,,,,,,,,,,,,,,,,,,
cajun_creole,Non-Vegeterian,ground black pepper , cajun seasoning , yellow onion , kosher salt , Tabasco Pepper Sauce , smoked sausage , green bell pepper , red beans , garlic , smoked ham hocks , celery ribs , bay leaves , butter , cooked white rice,,,,,,,,,,,,,,,,,,,,,,,,,,,,,,,,,,,,
cajun_creole,Vegeterian,bow-tie pasta , yellow corn meal , creole seasoning , vegetable oil,,,,,,,,,,,,,,,,,,,,,,,,,,,,,,,,,,,,,,,,,,,,,,
cajun_creole,Vegeterian,ketchup , finely chopped fresh parsley , onion tops , garlic cloves , creole mustard , prepared horseradish , paprika , yellow onion , ground white pepper , olive oil , worcestershire sauce , hot sauce , lemon juice , celery ribs , ground black pepper , salt , cayenne pepper,,,,,,,,,,,,,,,,,,,,,,,,,,,,,,,,,
cajun_creole,Non-Vegeterian,butter , all-purpose flour , chicken broth , white rice , onions , diced tomatoes , shrimp , cooked ham , garlic , dried oregano,,,,,,,,,,,,,,,,,,,,,,,,,,,,,,,,,,,,,,,,
cajun_creole,Non-Vegeterian,andouille sausage , chopped green bell pepper , red wine vinegar , cayenne pepper , sweet paprika , bay leaf , minced garlic , green onions , chopped celery , duck , low salt chicken broth , dried thyme , vegetable oil , all-purpose flour , beer , gumbo , kosher salt , gumbo file , garlic , chopped onion , smoked paprika,,,,,,,,,,,,,,,,,,,,,,,,,,,,,
cajun_creole,Non-Vegeterian,crawfish , heavy cream , bow-tie pasta , green onions , garlic , pepper , crushed red pepper flakes , yellow onion , butter , salt,,,,,,,,,,,,,,,,,,,,,,,,,,,,,,,,,,,,,,,,
cajun_creole,Non-Vegeterian,dried thyme , salt , sausages , dried parsley , green bell pepper , chicken breast halves , creole seasoning , medium shrimp , chicken broth , bay leaves , cayenne pepper , diced tomatoes in juice , dried oregano , pepper , chopped celery , long-grain rice , onions,,,,,,,,,,,,,,,,,,,,,,,,,,,,,,,,,
cajun_creole,Vegeterian,dried thyme , cayenne pepper , ground black pepper , dried oregano , garlic powder , sweet paprika , kosher salt , onion powder,,,,,,,,,,,,,,,,,,,,,,,,,,,,,,,,,,,,,,,,,,
cajun_creole,Non-Vegeterian,crawfish , creole seasoning , onions , salt , red bell pepper , hot pepper sauce , garlic cloves , crackers , green pepper , cream cheese, soften,,,,,,,,,,,,,,,,,,,,,,,,,,,,,,,,,,,,,,,
cajun_creole,Non-Vegeterian,cheese slices , cooked ham , salad , hard salami , french bread,,,,,,,,,,,,,,,,,,,,,,,,,,,,,,,,,,,,,,,,,,,,,
cajun_creole,Non-Vegeterian,mayonaise , creole seasoning , garlic , pickle juice , prepared horseradish , sweet paprika , mustard , hot sauce,,,,,,,,,,,,,,,,,,,,,,,,,,,,,,,,,,,,,,,,,,
cajun_creole,Non-Vegeterian,serrano peppers , salt , bok choy , pepper , chicken meat , okra , poblano peppers , garlic , beef sausage , leeks , meat bones , oregano,,,,,,,,,,,,,,,,,,,,,,,,,,,,,,,,,,,,,,
cajun_creole,Non-Vegeterian,diced onions , dried thyme , clam juice , worcestershire sauce , all-purpose flour , black pepper , Tabasco Pepper Sauce , butter , white rice , diced celery , green bell pepper , green onions , cajun seasoning , diced tomatoes , cayenne pepper , white pepper , vegetable oil , large garlic cloves , salt , shrimp,,,,,,,,,,,,,,,,,,,,,,,,,,,,,,
chinese,Vegeterian,toasted sesame oil , soy sauce , fresh bean,,,,,,,,,,,,,,,,,,,,,,,,,,,,,,,,,,,,,,,,,,,,,,,
chinese,Vegeterian,peeled fresh ginger , crushed red pepper , baby greens , sesame oil , garlic cloves , green onions , rice vinegar , reduced sodium soy sauce , vegetable oil,,,,,,,,,,,,,,,,,,,,,,,,,,,,,,,,,,,,,,,,,
chinese,Vegeterian,fresh ginger root , garlic cloves , crushed red pepper flakes , sesame oil , sliced green onions , low sodium soy sauce , rice vinegar,,,,,,,,,,,,,,,,,,,,,,,,,,,,,,,,,,,,,,,,,,,
chinese,Non-Vegeterian,scallions , soy sauce , chopped garlic , pork , dried chile , peanut oil,,,,,,,,,,,,,,,,,,,,,,,,,,,,,,,,,,,,,,,,,,,,
chinese,Non-Vegeterian,pepper , mushrooms , cooking wine , garlic cloves , lettuce , pork tenderloin , sesame oil , green pepper , ginger root , light soy sauce , spring onions , salt , corn starch , sugar , starch , red pepper , peanut oil , black vinegar,,,,,,,,,,,,,,,,,,,,,,,,,,,,,,,,
chinese,Non-Vegeterian,chrysanthemum , roasting chickens , bird chile , soy sauce , vegetable oil , Chinese egg noodles , water , star anise , low salt chicken broth , sugar , fresh ginger , garlic cloves , onions,,,,,,,,,,,,,,,,,,,,,,,,,,,,,,,,,,,,,
chinese,Non-Vegeterian,vegetable oil , corn starch , peanuts , garlic chili sauce , red bell pepper , fresh ginger , garlic , green beans , boneless skinless chicken breasts , oyster sauce , onions,,,,,,,,,,,,,,,,,,,,,,,,,,,,,,,,,,,,,,,
chinese,Non-Vegeterian,seasoning , white pepper , garlic , onions , red chili peppers , large eggs , green pepper , five spice , seasoning salt , salt , chopped garlic , boneless chop pork , cornflour , oil,,,,,,,,,,,,,,,,,,,,,,,,,,,,,,,,,,,,
chinese,Non-Vegeterian,liquid egg whites , soy sauce , scallions , all-purpose flour , sesame oil,,,,,,,,,,,,,,,,,,,,,,,,,,,,,,,,,,,,,,,,,,,,,
chinese,Non-Vegeterian,chicken stock , rice wine , chili bean paste , red chili peppers , vegetable oil , corn starch , flank steak , salt , celery , dark soy sauce , szechwan peppercorns , scallions,,,,,,,,,,,,,,,,,,,,,,,,,,,,,,,,,,,,,,
chinese,Non-Vegeterian,leeks , dry sherry , oil , fresh ginger , rump steak , salt , carrots , soy sauce , spring onions , cornflour , garlic cloves , lemon grass , rice noodles , chinese five-spice powder,,,,,,,,,,,,,,,,,,,,,,,,,,,,,,,,,,,,
chinese,Vegeterian,sugar , salt , cooking oil , sauce , soy sauce , chili bean paste , tofu , chives,,,,,,,,,,,,,,,,,,,,,,,,,,,,,,,,,,,,,,,,,,
chinese,Non-Vegeterian,unsalted butter , fresh orange juice , pineapple chunks , whole milk , confectioners sugar , large eggs , all-purpose flour , honey , peeled fresh ginger,,,,,,,,,,,,,,,,,,,,,,,,,,,,,,,,,,,,,,,,,
chinese,Non-Vegeterian,fish sauce , chicken breasts , oyster sauce , long beans , white pepper , salt , shrimp , soy sauce , ginger , carrots , eggs , cooking oil , rice,,,,,,,,,,,,,,,,,,,,,,,,,,,,,,,,,,,,,
chinese,Non-Vegeterian,won ton wrappers , oil , crabmeat , chopped cilantro fresh , fresh ginger root , dried parsley , dark soy sauce , cream cheese,,,,,,,,,,,,,,,,,,,,,,,,,,,,,,,,,,,,,,,,,,
chinese,Non-Vegeterian,pepper , black tea leaves , coarse-grain salt , dried oregano , eggs , chamomile tea , yellow mustard , garlic cloves , olive oil , lemon , chinese five-spice powder , chicken , tea bags , fresh thyme , sea salt , toasted sesame seeds,,,,,,,,,,,,,,,,,,,,,,,,,,,,,,,,,,
chinese,Vegeterian,brown sugar , extra firm tofu , tomato ketchup , onions , water , garlic , corn starch , soy sauce , cooking oil , carrots , pineapple chunks , green bell pepper, slice , rice vinegar , red bell pepper,,,,,,,,,,,,,,,,,,,,,,,,,,,,,,,,,,,
chinese,Non-Vegeterian,sugar pea , Asian chili sauce , boneless pork shoulder , ground black pepper , shaoxing , fresh ginger , garlic , light brown sugar , reduced sodium soy sauce , chinese five-spice powder,,,,,,,,,,,,,,,,,,,,,,,,,,,,,,,,,,,,,,,,
chinese,Non-Vegeterian,eggs , water , garlic , orange juice , ginger root , soy sauce , boneless skinless chicken breasts , rice vinegar , lemon juice , brown sugar , green onions , salt , oil , orange zest , pepper , red pepper flakes , all-purpose flour , corn starch,,,,,,,,,,,,,,,,,,,,,,,,,,,,,,,,
chinese,Non-Vegeterian,honey , green onions , corn starch , shrimp tails , sesame seeds , coarse salt , soy sauce , fresh ginger , vegetable oil , ground cayenne pepper , minute rice , ground pepper , garlic,,,,,,,,,,,,,,,,,,,,,,,,,,,,,,,,,,,,,
chinese,Non-Vegeterian,fresh ginger , garlic , scallions , sugar , egg whites , salt , chicken thighs , dark soy sauce , vinegar , purple onion , corn starch , red chili peppers , Shaoxing wine , roasted peanuts,,,,,,,,,,,,,,,,,,,,,,,,,,,,,,,,,,,,
chinese,Vegeterian,sake , jalapeno chilies , corn starch , sugar , salt , wood ear mushrooms , black bean sauce , dark sesame oil , sliced green onions , salmon fillets , garlic , ground white pepper,,,,,,,,,,,,,,,,,,,,,,,,,,,,,,,,,,,,,,
chinese,Non-Vegeterian,soy sauce , shredded cabbage , stir fry noodles , onions , olive oil , garlic , carrots , white pepper , ginger , oyster sauce , brown sugar , vegetables , sauce , celery,,,,,,,,,,,,,,,,,,,,,,,,,,,,,,,,,,,,
chinese,Non-Vegeterian,soy sauce , granulated sugar , worcestershire sauce , root vegetables , onions , minced garlic , sesame oil , cayenne pepper , corn starch , snow peas , ketchup , boneless skinless chicken breasts , salt , carrots , cashew nuts , chicken broth , sesame seeds , vegetable oil , sauce , red bell pepper,,,,,,,,,,,,,,,,,,,,,,,,,,,,,,
chinese,Non-Vegeterian,ketchup , mandarin oranges , broth , green onions , rice vinegar , minced garlic , ginger , canola oil , sugar , red pepper flakes , corn starch,,,,,,,,,,,,,,,,,,,,,,,,,,,,,,,,,,,,,,,
filipino,Non-Vegeterian,soy sauce , garlic , vinegar , fresh ginger root , chicken , black peppercorns , bay leaves,,,,,,,,,,,,,,,,,,,,,,,,,,,,,,,,,,,,,,,,,,,
filipino,Vegeterian,coconut milk , grated coconut , sugar , cassava , banana leaves,,,,,,,,,,,,,,,,,,,,,,,,,,,,,,,,,,,,,,,,,,,,,
filipino,Non-Vegeterian,mayonaise , salt , peppercorns , chicken breasts , elbow pasta , cheddar cheese , pineapple rings , bay leaf , sultana , carrots , pickle relish,,,,,,,,,,,,,,,,,,,,,,,,,,,,,,,,,,,,,,,
filipino,Non-Vegeterian,water , star anise , ground white pepper , black peppercorns , granulated sugar , salt , honey , garlic , pork belly , yellow mustard , fresh pork fat,,,,,,,,,,,,,,,,,,,,,,,,,,,,,,,,,,,,,,,
filipino,Non-Vegeterian,salt , vinegar , chicken pieces , bay leaves , peppercorns , soy sauce , garlic cloves,,,,,,,,,,,,,,,,,,,,,,,,,,,,,,,,,,,,,,,,,,,
filipino,Vegeterian,water , ginger , corn starch , tomato paste , cooking oil , tilapia , vinegar , garlic , onions , brown sugar , bell pepper , carrots,,,,,,,,,,,,,,,,,,,,,,,,,,,,,,,,,,,,,,
filipino,Vegeterian,yucca root , coconut cream , flaked coconut , white sugar , water , corn starch , salt,,,,,,,,,,,,,,,,,,,,,,,,,,,,,,,,,,,,,,,,,,,
filipino,Non-Vegeterian,black pepper , olive oil , beef liver , sweet onion , squirrel , bay leaf , minced garlic , tomato juice , carrots , green bell pepper , dried thyme , salt , dried oregano,,,,,,,,,,,,,,,,,,,,,,,,,,,,,,,,,,,,,
filipino,Non-Vegeterian,pepper , annatto seeds , garlic , bok choy , ground peanut , oxtails , peanut butter , water , banana flower , salt , onions , string beans , eggplant , shrimp paste , rice,,,,,,,,,,,,,,,,,,,,,,,,,,,,,,,,,,,
filipino,Non-Vegeterian,soy sauce , salt , fish sauce , hard-boiled egg , sugar , soda , pork belly , yellow onion,,,,,,,,,,,,,,,,,,,,,,,,,,,,,,,,,,,,,,,,,,
filipino,Non-Vegeterian,spring roll wrappers , ground pork , onions , black pepper , carrots , soy sauce , garlic , eggs , water chestnuts , celery,,,,,,,,,,,,,,,,,,,,,,,,,,,,,,,,,,,,,,,,
filipino,Non-Vegeterian,soy sauce , hard-boiled egg , ground pork , onions , cheddar cheese , bread crumbs , butter , crushed pineapple , eggs , ketchup , calamansi juice , salt , chicken , mayonaise , pepper , raisins , carrots,,,,,,,,,,,,,,,,,,,,,,,,,,,,,,,,,
filipino,Non-Vegeterian,fresh spinach , prawns , chicken broth , pepper , salt , pork , garlic , fresh corn , olive oil , onions,,,,,,,,,,,,,,,,,,,,,,,,,,,,,,,,,,,,,,,,
filipino,Non-Vegeterian,soy sauce , flour , oil , water , garlic , peppercorns , pepper , bay leaves , baby back ribs , eggs , vinegar , salt,,,,,,,,,,,,,,,,,,,,,,,,,,,,,,,,,,,,,,
filipino,Non-Vegeterian,chicken , cooking oil , water , salt,,,,,,,,,,,,,,,,,,,,,,,,,,,,,,,,,,,,,,,,,,,,,,
filipino,Non-Vegeterian,eggs , lumpia wrappers , carrots , canola oil , pork , salt , onions , fish sauce , ground pork , green beans , pepper , garlic cloves , cabbage,,,,,,,,,,,,,,,,,,,,,,,,,,,,,,,,,,,,,
filipino,Non-Vegeterian,tomato sauce , baking powder , all-purpose flour , frozen peas , diced potatoes , unsalted butter , garlic , ground beef , cold water , ground black pepper , raisins , carrots , white sugar , low sodium soy sauce , large eggs , salt , onions,,,,,,,,,,,,,,,,,,,,,,,,,,,,,,,,,
filipino,Non-Vegeterian,cream of tartar , egg yolks , all-purpose flour , evaporated milk , vanilla , sugar , baking powder , condensed milk , egg whites , salt,,,,,,,,,,,,,,,,,,,,,,,,,,,,,,,,,,,,,,,,
filipino,Non-Vegeterian,eggs , ground pork , sausages , pepper , crushed pineapple , onions , ketchup , salt , carrots , raisins , oil,,,,,,,,,,,,,,,,,,,,,,,,,,,,,,,,,,,,,,,
filipino,Non-Vegeterian,eggs , salt , eggplant , ground white pepper , pepper , all-purpose flour , vegetable oil,,,,,,,,,,,,,,,,,,,,,,,,,,,,,,,,,,,,,,,,,,,
filipino,Non-Vegeterian,coconut oil , egg whites , coconut flour , water , onion powder , pepper , baking powder , salt , garlic powder , paprika,,,,,,,,,,,,,,,,,,,,,,,,,,,,,,,,,,,,,,,,
filipino,Non-Vegeterian,green olives , minced garlic , salt , carrots , pork , cooking oil , yellow onion , tomato sauce , green bell pepper, slice , beef broth , red bell pepper , pepper , baking potatoes , liver,,,,,,,,,,,,,,,,,,,,,,,,,,,,,,,,,,,
filipino,Non-Vegeterian,ground black pepper , salt , onions , soy sauce , cooking oil , oyster sauce , sugar , yardlong beans , water spinach , water , garlic , pork shoulder,,,,,,,,,,,,,,,,,,,,,,,,,,,,,,,,,,,,,,
filipino,Vegeterian,triple sec , cream of coconut , water , unsalted butter , fresh pineapple , candied pineapple , bananas , couscous , golden brown sugar , whipping cream,,,,,,,,,,,,,,,,,,,,,,,,,,,,,,,,,,,,,,,,
filipino,Non-Vegeterian,soy sauce , shiitake , butter , shrimp , white onion , green onions , oyster sauce , black pepper , shredded cabbage , chicken meat , celery , chicken broth , minced garlic , rice noodles , carrots,,,,,,,,,,,,,,,,,,,,,,,,,,,,,,,,,,,
french,Non-Vegeterian,chicken broth , sliced ham , swiss cheese , boneless skinless chicken breast halves , bacon , ground black pepper , garlic salt,,,,,,,,,,,,,,,,,,,,,,,,,,,,,,,,,,,,,,,,,,,
french,Non-Vegeterian,vegetable oil spray , berries , large egg whites , cr?â?¿me fra?â?«che , creme anglaise , unsweetened chocolate , sugar , whipping cream,,,,,,,,,,,,,,,,,,,,,,,,,,,,,,,,,,,,,,,,,,
french,Non-Vegeterian,mint leaves , pinenuts , rouget , haricots verts , extra-virgin olive oil , dried apricot,,,,,,,,,,,,,,,,,,,,,,,,,,,,,,,,,,,,,,,,,,,,
french,Non-Vegeterian,heavy cream , egg yolks , cinnamon sticks , sugar , vanilla extract , lemon,,,,,,,,,,,,,,,,,,,,,,,,,,,,,,,,,,,,,,,,,,,,
french,Non-Vegeterian,olive oil , yellow onion , yukon gold potatoes , chives , eggs , salt,,,,,,,,,,,,,,,,,,,,,,,,,,,,,,,,,,,,,,,,,,,,
french,Non-Vegeterian,fish fillets , clam juice , diced tomatoes , couscous , celery ribs , bay leaves , large garlic cloves , carrots , onions , olive oil , chopped fresh thyme , littleneck clams , fresh parsley , mussels , dry white wine , hot chili paste , shrimp,,,,,,,,,,,,,,,,,,,,,,,,,,,,,,,,,
french,Non-Vegeterian,salt , caviar , skim milk , seedless red grapes , Belgian endive , small red potato , vegetable oil cooking spray , ch?â?¿vre,,,,,,,,,,,,,,,,,,,,,,,,,,,,,,,,,,,,,,,,,,
french,Non-Vegeterian,stock , shallots , cognac , strip steaks , watercress , whole peppercorn , vegetable oil , chopped parsley , unsalted butter , salt,,,,,,,,,,,,,,,,,,,,,,,,,,,,,,,,,,,,,,,,
french,Non-Vegeterian,whole milk , all-purpose flour , ground nutmeg , butter , bay leaf , chopped fresh chives , gruyere cheese , white sandwich bread , melted butter , black forest ham , grated Gruy?â?¿re cheese,,,,,,,,,,,,,,,,,,,,,,,,,,,,,,,,,,,,,,,
french,Vegeterian,russet , unsalted butter,,,,,,,,,,,,,,,,,,,,,,,,,,,,,,,,,,,,,,,,,,,,,,,,
french,Non-Vegeterian,dijon mustard , freshly ground pepper , capers , extra-virgin olive oil , juice , baguette , anchovy fillets , chopped parsley , kalamata , garlic cloves,,,,,,,,,,,,,,,,,,,,,,,,,,,,,,,,,,,,,,,,
french,Non-Vegeterian,unsalted butter , salt , shallots , thyme sprigs , beef demi-glace , bay leaf , ground black pepper , red wine,,,,,,,,,,,,,,,,,,,,,,,,,,,,,,,,,,,,,,,,,,
french,Non-Vegeterian,chicken stock , leeks , ground black pepper , sea salt , potatoes , salted butter , heavy cream,,,,,,,,,,,,,,,,,,,,,,,,,,,,,,,,,,,,,,,,,,,
french,Non-Vegeterian,dry white wine , roasting chickens , onions , fresh rosemary , chopped fresh thyme , low salt chicken broth , fennel seeds , coarse salt , garlic cloves , unsalted butter , all-purpose flour , fresh parsley,,,,,,,,,,,,,,,,,,,,,,,,,,,,,,,,,,,,,,
french,Non-Vegeterian,milk chocolate , all-purpose flour , unsalted butter , cocoa powder , sugar , heavy cream , large eggs , bittersweet chocolate,,,,,,,,,,,,,,,,,,,,,,,,,,,,,,,,,,,,,,,,,,
french,Non-Vegeterian,mussels , coriander seeds , extra-virgin olive oil , chopped parsley , noodles , tomato paste , large garlic cloves , meat bones , bay leaf , saffron , fennel seeds , cayenne , salt , thyme sprigs , large shrimp , clams , pepper , red pepper , shrimp , onions , orange zest,,,,,,,,,,,,,,,,,,,,,,,,,,,,,
french,Non-Vegeterian,sole fillet , vegetable oil , flat leaf parsley , unsalted butter , fresh lemon juice , ground black pepper , all-purpose flour , lemon wedge , coarse kosher salt,,,,,,,,,,,,,,,,,,,,,,,,,,,,,,,,,,,,,,,,,
french,Non-Vegeterian,egg whites , salt , cream of tartar , butter , bittersweet chocolate , egg yolks , sauce , sugar , vanilla extract , unsweetened cocoa powder,,,,,,,,,,,,,,,,,,,,,,,,,,,,,,,,,,,,,,,,
french,Non-Vegeterian,dried thyme , french bread , goat cheese , large egg yolks , mushrooms , large egg whites , cooking spray , garlic cloves , pepper , dijon mustard , purple onion,,,,,,,,,,,,,,,,,,,,,,,,,,,,,,,,,,,,,,,
french,Vegeterian,reduced fat milk , low-fat buttermilk , fine sea salt,,,,,,,,,,,,,,,,,,,,,,,,,,,,,,,,,,,,,,,,,,,,,,,
french,Non-Vegeterian,filet mignon , unsalted butter , chopped parsley , olive oil , canned beef broth , kosher salt , shallots , ground black pepper , cognac,,,,,,,,,,,,,,,,,,,,,,,,,,,,,,,,,,,,,,,,,
french,Non-Vegeterian,avocado , black olives , anchovy fillets , large shrimp , lemon , purple onion , Piment d'Espelette , olive oil , wine vinegar , lemon juice , garlic , salt , bay leaf,,,,,,,,,,,,,,,,,,,,,,,,,,,,,,,,,,,,,
french,Non-Vegeterian,minced garlic , escargot , chives , tarragon , unsalted butter , chopped parsley , cremini mushrooms , shallots,,,,,,,,,,,,,,,,,,,,,,,,,,,,,,,,,,,,,,,,,,
french,Non-Vegeterian,water , liver , flour , bacon , seasoning salt , onions,,,,,,,,,,,,,,,,,,,,,,,,,,,,,,,,,,,,,,,,,,,,
french,Non-Vegeterian,vanilla sugar , all-purpose flour , butter , large eggs , unsweetened cocoa powder , unsalted butter , salt,,,,,,,,,,,,,,,,,,,,,,,,,,,,,,,,,,,,,,,,,,,
greek,Non-Vegeterian,ground ginger , ground turkey breast , salt , ground lamb , ground cinnamon , lettuce leaves , reduced fat mayonnaise , tomato paste , cooking spray , fresh lemon juice , ground cumin , whole wheat pita , ground red pepper , onions,,,,,,,,,,,,,,,,,,,,,,,,,,,,,,,,,,,,
greek,Vegeterian,kalamata , parsley leaves , extra-virgin olive oil,,,,,,,,,,,,,,,,,,,,,,,,,,,,,,,,,,,,,,,,,,,,,,,
greek,Non-Vegeterian,white flour , unsalted butter , cinnamon , salt , red bell pepper , eggs , milk , balsamic vinegar , extra-virgin olive oil , brown lentils , onions , nutmeg , pepper , zucchini , diced tomatoes , cayenne pepper , flat leaf parsley , pecorino cheese , eggplant , russet potatoes , garlic , feta cheese crumbles , oregano,,,,,,,,,,,,,,,,,,,,,,,,,,,
greek,Non-Vegeterian,water , salt , phyllo dough , butter , white sugar , eggs , whole milk , corn starch , semolina flour , vanilla extract,,,,,,,,,,,,,,,,,,,,,,,,,,,,,,,,,,,,,,,,
greek,Non-Vegeterian,ranch dressing , lemon juice , olive oil , white wine vinegar , fresh rosemary , worcestershire sauce , greek yogurt , chicken breasts , salt,,,,,,,,,,,,,,,,,,,,,,,,,,,,,,,,,,,,,,,,,
greek,Non-Vegeterian,lemon zest , almond extract , greek style plain yogurt , poppyseeds , salt , large eggs , butter , sugar , baking powder , all-purpose flour,,,,,,,,,,,,,,,,,,,,,,,,,,,,,,,,,,,,,,,,
greek,Vegeterian,amaretto , low-fat milk , dark chocolate , salt , boiler , sugar , whole milk greek yogurt,,,,,,,,,,,,,,,,,,,,,,,,,,,,,,,,,,,,,,,,,,,
greek,Non-Vegeterian,olive oil , russet potatoes , almonds , kalamata , large egg yolks , lemon , kosher salt , ground black pepper , garlic,,,,,,,,,,,,,,,,,,,,,,,,,,,,,,,,,,,,,,,,,
greek,Non-Vegeterian,zucchini , feta cheese crumbles , olive oil , fine sea salt , eggs , almond meal , ground cumin , ground black pepper , fresh herbs,,,,,,,,,,,,,,,,,,,,,,,,,,,,,,,,,,,,,,,,,
greek,Non-Vegeterian,dried currants , oregano , chard , fine sea salt , garlic , ground lamb , red potato , yellow onion,,,,,,,,,,,,,,,,,,,,,,,,,,,,,,,,,,,,,,,,,,
greek,Non-Vegeterian,granulated sugar , vanilla , unsalted butter , cinnamon , confectioners sugar , phyllo dough , large eggs , salt , semolina flour , whole milk , walnuts,,,,,,,,,,,,,,,,,,,,,,,,,,,,,,,,,,,,,,,
greek,Vegeterian,baby spinach leaves , feta cheese crumbles , shallots , pears , diet lemon lime soda , salad dressing , toasted pine nuts,,,,,,,,,,,,,,,,,,,,,,,,,,,,,,,,,,,,,,,,,,,
greek,Vegeterian,feta cheese , white wine vinegar , fresh thyme , honey,,,,,,,,,,,,,,,,,,,,,,,,,,,,,,,,,,,,,,,,,,,,,,
greek,Non-Vegeterian,tomatoes , kosher salt , balsamic vinaigrette salad dressing , pepperoncini , cucumber , romaine lettuce , ground black pepper , garlic , lemon juice , boneless skinless chicken breast halves , fresh dill , olive oil , kalamata , rice vinegar , sour cream , greek seasoning , plain yogurt , pita bread rounds , purple onion , feta cheese crumbles , dried oregano,,,,,,,,,,,,,,,,,,,,,,,,,,,,,
greek,Vegeterian,low-fat plain greek yogurt , grated lemon zest , sugar , cookies , triple sec , vanilla extract , fresh blueberries,,,,,,,,,,,,,,,,,,,,,,,,,,,,,,,,,,,,,,,,,,,
greek,Non-Vegeterian,cooked chicken , romaine lettuce , herb dressing , tomatoes , kalamata , garbanzo beans , feta cheese crumbles,,,,,,,,,,,,,,,,,,,,,,,,,,,,,,,,,,,,,,,,,,,
greek,Vegeterian,ground black pepper , fresh lemon juice , chopped cilantro fresh , tomatoes , salt , flat leaf parsley , extra-virgin olive oil , cucumber , sliced green onions , pitas , garlic cloves , chopped fresh mint,,,,,,,,,,,,,,,,,,,,,,,,,,,,,,,,,,,,,,
greek,Non-Vegeterian,kosher salt , zucchini , grated lemon zest , lower sodium chicken broth , yellow squash , linguine , fresh mint , black pepper , olive oil , greek style plain yogurt , grape tomatoes , cider vinegar , reduced fat milk , garlic cloves,,,,,,,,,,,,,,,,,,,,,,,,,,,,,,,,,,,,
greek,Non-Vegeterian,cherry tomatoes , kalamata , cucumber , fresh dill , feta cheese , rotisserie chicken , onions , pitas , garlic , greek yogurt , kosher salt , parsley , lemon juice,,,,,,,,,,,,,,,,,,,,,,,,,,,,,,,,,,,,,
greek,Vegeterian,feta cheese , fresh parsley , tomatoes , large garlic cloves , brine-cured olives , red wine vinegar , olive oil , purple onion,,,,,,,,,,,,,,,,,,,,,,,,,,,,,,,,,,,,,,,,,,
greek,Vegeterian,plain low-fat yogurt , dried currants , olive oil , grated lemon zest , fresh lemon juice , cooked rice , pepper , dried mint flakes , dried dill , grape leaves , pinenuts , finely chopped onion , chickpeas , vegetable oil cooking spray , honey , salt , garlic cloves,,,,,,,,,,,,,,,,,,,,,,,,,,,,,,,,,
greek,Vegeterian,grape leaves , hot water , olive oil , onions , fresh dill , fresh mint , chicken broth , fresh lemon juice , long grain white rice,,,,,,,,,,,,,,,,,,,,,,,,,,,,,,,,,,,,,,,,,
greek,Vegeterian,hot pepper sauce , cream cheese , roast red peppers, drain , extra-virgin olive oil , feta cheese crumbles , half & half , lemon juice , dried oregano , roasted garlic , ground white pepper,,,,,,,,,,,,,,,,,,,,,,,,,,,,,,,,,,,,,,,
greek,Non-Vegeterian,plain yogurt , lemon , salt , bread , boneless skinless chicken breasts , garlic , dried oregano , pepper , extra-virgin olive oil , fresh lemon juice , fresh tomatoes , red wine vinegar , purple onion , hothouse cucumber,,,,,,,,,,,,,,,,,,,,,,,,,,,,,,,,,,,,
greek,Non-Vegeterian,olive oil , garlic , flat leaf parsley , ground black pepper , chickpeas , large shrimp , pitas , salt , dried oregano , water , butter , lemon juice,,,,,,,,,,,,,,,,,,,,,,,,,,,,,,,,,,,,,,
indian,Non-Vegeterian,minced garlic , brown rice , sour cream , chicken , red lentils , fresh ginger , ground cardamom , onions , olive oil , chickpeas , celery , ground cumin , (14.5 oz.) diced tomatoes , garam masala , ground cayenne pepper , ground turmeric,,,,,,,,,,,,,,,,,,,,,,,,,,,,,,,,,,
indian,Vegeterian,potatoes , cumin seed , chillies , asafoetida , ginger , garlic cloves , tomatoes , baby spinach , mustard oil , garam masala , salt , mustard seeds,,,,,,,,,,,,,,,,,,,,,,,,,,,,,,,,,,,,,,
indian,Vegeterian,sesame oil , purple onion , oil , ground turmeric , mung beans , lemon , green chilies , ginger root , red quinoa , curry , cumin seed , chopped cilantro , water , baking potatoes , salt , mustard seeds , asafetida,,,,,,,,,,,,,,,,,,,,,,,,,,,,,,,,,
indian,Vegeterian,black-eyed peas , cinnamon , brown cardamom , bay leaf , ginger paste , red chili peppers , coriander powder , salt , cumin seed , ground turmeric , water , chili powder , cilantro leaves , oil , masala , tomatoes , garam masala , garlic , green chilies , onions,,,,,,,,,,,,,,,,,,,,,,,,,,,,,,
indian,Non-Vegeterian,salt , milk , eggs , melted fat , flour,,,,,,,,,,,,,,,,,,,,,,,,,,,,,,,,,,,,,,,,,,,,,
indian,Non-Vegeterian,eggs , egg whites , raisins , green chilies , ghee , tomatoes , garam masala , cinnamon , cilantro leaves , lemon juice , ground fennel , pepper , chili powder , salt , cardamom , basmati rice , clove , grated coconut , hard-boiled egg , garlic , oil , onions,,,,,,,,,,,,,,,,,,,,,,,,,,,,
indian,Vegeterian,tumeric , cooking spray , garlic , green pepper , onions , tomatoes , curry powder , vegetable broth , chickpeas , coconut milk , tomato paste , water , sea salt , spelt flour , carrots , ground cumin , chiles , baking powder , salt , almond milk , oregano,,,,,,,,,,,,,,,,,,,,,,,,,,,,,
indian,Vegeterian,lime , garlic , ground coriander , ground turmeric , cauliflower , garam masala , edamame , coconut milk , canola oil , kosher salt , russet potatoes , fenugreek seeds , onions , fresh ginger , cilantro leaves , cumin seed , asafetida,,,,,,,,,,,,,,,,,,,,,,,,,,,,,,,,,
indian,Vegeterian,fat free yogurt , baking potatoes , chopped onion , cooked long-grain brown rice , bay leaves , crushed red pepper , garlic cloves , ground cumin , curry powder , diced tomatoes , ground coriander , chopped cilantro fresh , boneless chicken skinless thigh , peeled fresh ginger , salt , cinnamon sticks,,,,,,,,,,,,,,,,,,,,,,,,,,,,,,,,,,
indian,Non-Vegeterian,tumeric , organic chicken , cinnamon , salt , cashew nuts , chicken stock , pepper , curry sauce , diced tomatoes , cumin seed , cumin , coconut oil , curry powder , yoghurt , purple onion , chopped cilantro , masala , fennel seeds , jasmine rice , ground black pepper , heavy cream , grated nutmeg , toasted coconut,,,,,,,,,,,,,,,,,,,,,,,,,,,
indian,Vegeterian,red chili peppers , garam masala , mustard seeds , olive oil , salt , ginger paste , fresh cilantro , lemon , ground turmeric , garlic paste , coriander seeds , cumin seed , baby potatoes,,,,,,,,,,,,,,,,,,,,,,,,,,,,,,,,,,,,,
indian,Vegeterian,whole wheat flour , paneer , ground cumin , water , chili powder , green chilies , coriander powder , salt , amchur , ginger , ghee,,,,,,,,,,,,,,,,,,,,,,,,,,,,,,,,,,,,,,,
indian,Non-Vegeterian,vanilla sugar , all-purpose flour , butter , large eggs , unsweetened cocoa powder , unsalted butter , salt,,,,,,,,,,,,,,,,,,,,,,,,,,,,,,,,,,,,,,,,,,,
indian,Vegeterian,sunflower seeds , baking soda , ground cardamom , saffron threads , kosher salt , cooking spray , unsalted pistachios , unsalted butter , sugar , water , corn syrup,,,,,,,,,,,,,,,,,,,,,,,,,,,,,,,,,,,,,,,
indian,Vegeterian,chickpea flour , fresh ginger root , peanut oil , asafoetida powder , chopped cilantro fresh , tomatoes , salt , cumin seed , onions , ground cumin , fennel seeds , ground red pepper , ground coriander , dried red chile peppers , ground turmeric , water , cubed potatoes , mustard seeds , white sugar,,,,,,,,,,,,,,,,,,,,,,,,,,,,,,,
indian,Non-Vegeterian,plain yogurt , chili powder , garlic , cinnamon sticks , clove , fresh ginger , butter , cardamom , chopped cilantro , water , vegetable oil , salt , fresh mint , tomatoes , boneless skinless chicken breasts , white rice , lemon juice , onions,,,,,,,,,,,,,,,,,,,,,,,,,,,,,,,,
indian,Vegeterian,garlic paste , garam masala , heavy cream , paneer , oil , ground turmeric , lime juice , flour , yellow bell pepper , salt , onions , tandoori spices , coriander powder , cilantro , purple onion , greek yogurt , ground cumin , red chili powder , medium tomatoes , yoghurt , kasuri methi , grated nutmeg , cashew nuts,,,,,,,,,,,,,,,,,,,,,,,,,,,
indian,Vegeterian,garlic paste , salt , ghee , cinnamon , oil , mint leaves , rice , onions , clove , cilantro , bay leaf,,,,,,,,,,,,,,,,,,,,,,,,,,,,,,,,,,,,,,,
indian,Vegeterian,tomatoes , cayenne , ginger , chopped cilantro fresh , black-eyed peas , vegetable stock , salt , tumeric , half & half , garlic , canola oil , garam masala , paprika , onions,,,,,,,,,,,,,,,,,,,,,,,,,,,,,,,,,,,,
indian,Vegeterian,black pepper , red curry paste , ground cumin , bread , salt , fresh lime juice , ground cinnamon , nonfat yogurt plain , onions , sweet potatoes , nonfat milk,,,,,,,,,,,,,,,,,,,,,,,,,,,,,,,,,,,,,,,
indian,Non-Vegeterian,eggs , kidney beans , coriander , bread crumbs , salsa , burger buns , chili powder , lime , low-fat natural yogurt,,,,,,,,,,,,,,,,,,,,,,,,,,,,,,,,,,,,,,,,,
indian,Vegeterian,garlic paste , garam masala , capsicum , salt , onions , tomato pur?â??e , fresh coriander , mushrooms , florets , lemon juice , pepper , flour , red capsicum , oil , tomato sauce , zucchini , marinade , sauce , olives,,,,,,,,,,,,,,,,,,,,,,,,,,,,,,,
indian,Vegeterian,ground ginger , water , ginger , coconut oil , sea salt , onions , ground cinnamon , taro , carrots , cauliflower , minced garlic , cilantro , ground turmeric,,,,,,,,,,,,,,,,,,,,,,,,,,,,,,,,,,,,,
indian,Vegeterian,ground black pepper , ginger , ghee , serrano chile , sugar , yukon gold potatoes , whole milk greek yogurt , chopped cilantro fresh , new potatoes , chickpeas , onions , kosher salt , vegetable oil , chutney , chaat masala,,,,,,,,,,,,,,,,,,,,,,,,,,,,,,,,,,,
indian,Vegeterian,tomatoes , cider vinegar , sweet potatoes , vegetable oil , salt , ground turmeric , curry leaves , red chili peppers , mint leaves , brown mustard seeds , ginger , waxy potatoes , clove , sugar , coriander seeds , shallots , paprika , cumin seed , ground cinnamon , water , fenugreek , red pepper , cardamom pods,,,,,,,,,,,,,,,,,,,,,,,,,,,
irish,Non-Vegeterian,cherry tomatoes , mushrooms , eggs , potatoes , salt , ground black pepper , vegetable oil , smoked streaky bacon , leeks , cabbage,,,,,,,,,,,,,,,,,,,,,,,,,,,,,,,,,,,,,,,,
irish,Non-Vegeterian,reduced sodium chicken broth , salt , leg of lamb , leeks , fresh parsley leaves , potatoes , freshly ground pepper , celery , chopped fresh thyme , carrots,,,,,,,,,,,,,,,,,,,,,,,,,,,,,,,,,,,,,,,,
irish,Non-Vegeterian,pepper , salt , potatoes , milk , mayonaise , butter,,,,,,,,,,,,,,,,,,,,,,,,,,,,,,,,,,,,,,,,,,,,
irish,Vegeterian,coconut , herbal tea , color food green , sugar,,,,,,,,,,,,,,,,,,,,,,,,,,,,,,,,,,,,,,,,,,,,,,
irish,Vegeterian,spring onions , milk , butter , potatoes,,,,,,,,,,,,,,,,,,,,,,,,,,,,,,,,,,,,,,,,,,,,,,
irish,Non-Vegeterian,savoy cabbage , ground black pepper , onions , chicken stock , bay leaves , irish bacon , unsalted butter , kosher salt , yukon gold potatoes,,,,,,,,,,,,,,,,,,,,,,,,,,,,,,,,,,,,,,,,,
irish,Vegeterian,butter , potatoes , green onions , milk , salt,,,,,,,,,,,,,,,,,,,,,,,,,,,,,,,,,,,,,,,,,,,,,
irish,Non-Vegeterian,irish bacon , vegetable oil , large eggs , all-purpose flour , fresh chives , salt , whole milk,,,,,,,,,,,,,,,,,,,,,,,,,,,,,,,,,,,,,,,,,,,
irish,Vegeterian,milk , butter , pepper , salt , yukon gold potatoes,,,,,,,,,,,,,,,,,,,,,,,,,,,,,,,,,,,,,,,,,,,,,
irish,Non-Vegeterian,ground ginger , molasses , baking powder , eggs , baking soda , salt , ground cinnamon , milk , butter , turbinado , brown sugar , flour,,,,,,,,,,,,,,,,,,,,,,,,,,,,,,,,,,,,,,
irish,Non-Vegeterian,pepper , salt , mayonaise , idaho potatoes , green apples , bologna , hard-boiled egg , english cucumber , pickles , peas,,,,,,,,,,,,,,,,,,,,,,,,,,,,,,,,,,,,,,,,
irish,Vegeterian,potatoes , salt , vegetable oil , butter , flour,,,,,,,,,,,,,,,,,,,,,,,,,,,,,,,,,,,,,,,,,,,,,
irish,Vegeterian,sweet potatoes , all-purpose flour , evaporated milk , butter , ground nutmeg , salt , milk , baking powder , toasted wheat germ,,,,,,,,,,,,,,,,,,,,,,,,,,,,,,,,,,,,,,,,,
irish,Vegeterian,evaporated milk , old-fashioned oats , sugar , Nutella,,,,,,,,,,,,,,,,,,,,,,,,,,,,,,,,,,,,,,,,,,,,,,
irish,Non-Vegeterian,seasoning salt , chicken , flat leaf parsley , low-fat yogurt , yukon gold potatoes,,,,,,,,,,,,,,,,,,,,,,,,,,,,,,,,,,,,,,,,,,,,,
irish,Non-Vegeterian,chicken broth , leeks , white rice , ground black pepper , butter , carrots , fresh thyme , cracked black pepper , heavy whipping cream , sorrel , russet potatoes , garlic,,,,,,,,,,,,,,,,,,,,,,,,,,,,,,,,,,,,,,
irish,Non-Vegeterian,potatoes , lamb , chicken stock , sea salt , butter , onions , plain flour , cracked black pepper,,,,,,,,,,,,,,,,,,,,,,,,,,,,,,,,,,,,,,,,,,
irish,Non-Vegeterian,fresh rosemary , ground black pepper , stout , leg of lamb , olive oil , sliced carrots , all-purpose flour , fresh parsley , lower sodium beef broth , yukon gold potatoes , salt , bay leaf , tomato paste , whole grain dijon mustard , chopped fresh thyme , chopped onion , baby turnips,,,,,,,,,,,,,,,,,,,,,,,,,,,,,,,,,
irish,Vegeterian,whipping cream , russet potatoes , green onions , butter,,,,,,,,,,,,,,,,,,,,,,,,,,,,,,,,,,,,,,,,,,,,,,
irish,Non-Vegeterian,turnips , lamb stock , fresh thyme , garlic cloves , fresh rosemary , olive oil , fine sea salt , onions , parsnips , unsalted butter , lamb shoulder , celery ribs , sugar , bay leaves , carrots,,,,,,,,,,,,,,,,,,,,,,,,,,,,,,,,,,,
irish,Non-Vegeterian,large eggs , all-purpose flour , unsalted butter , salt , sugar , orange marmalade , orange juice , baking soda , golden raisins , whole wheat breadcrumbs,,,,,,,,,,,,,,,,,,,,,,,,,,,,,,,,,,,,,,,,
irish,Vegeterian,potatoes , mashed potatoes , butter , pepper , salt , flour,,,,,,,,,,,,,,,,,,,,,,,,,,,,,,,,,,,,,,,,,,,,
irish,Non-Vegeterian,fully cooked ham , mayonaise , salt , chicken broth , russet potatoes , black pepper , cabbage,,,,,,,,,,,,,,,,,,,,,,,,,,,,,,,,,,,,,,,,,,,
irish,Non-Vegeterian,tomato paste , olive oil , bay leaves , red wine , carrots , water , ground black pepper , butter , beef stew meat , onions , sugar , Guinness Beer , russet potatoes , worcestershire sauce , fresh parsley , dried thyme , beef stock , large garlic cloves , salt,,,,,,,,,,,,,,,,,,,,,,,,,,,,,,,
irish,Vegeterian,buttermilk , caraway seeds , all-purpose flour , baking soda , salt,,,,,,,,,,,,,,,,,,,,,,,,,,,,,,,,,,,,,,,,,,,,,
italian,Non-Vegeterian,sugar , vanilla extract , corn starch , coffee granules , salt , vanilla low-fat frozen yogurt , brewed coffee , corn syrup , large egg whites , Dutch-processed cocoa powder , semi-sweet chocolate morsels,,,,,,,,,,,,,,,,,,,,,,,,,,,,,,,,,,,,,,,
italian,Non-Vegeterian,black pepper , crushed red pepper , fresh parsley , cooking spray , beef broth , mushrooms , garlic cloves , olive oil , salt,,,,,,,,,,,,,,,,,,,,,,,,,,,,,,,,,,,,,,,,,
italian,Non-Vegeterian,olive oil , cauliflower florets , chopped pecans , parsnips , parmigiano reggiano cheese , pearl barley , fresh parsley , ground black pepper , salt , red bell pepper , fat free less sodium chicken broth , cooking spray , chopped onion,,,,,,,,,,,,,,,,,,,,,,,,,,,,,,,,,,,,,
italian,Non-Vegeterian,yellow onion , yukon gold potatoes , truffle salt , extra-virgin olive oil , large eggs , flat leaf parsley,,,,,,,,,,,,,,,,,,,,,,,,,,,,,,,,,,,,,,,,,,,,
italian,Non-Vegeterian,penne , yellow bell pepper , green bell pepper , fresh parmesan cheese , garlic cloves , part-skim mozzarella cheese , Italian turkey sausage , pasta sauce , cooking spray , red bell pepper,,,,,,,,,,,,,,,,,,,,,,,,,,,,,,,,,,,,,,,,
italian,Non-Vegeterian,mussels , garlic , mozzarella cheese , parsley flakes , panko breadcrumbs , unsalted butter,,,,,,,,,,,,,,,,,,,,,,,,,,,,,,,,,,,,,,,,,,,,
italian,Vegeterian,pinenuts , garlic , great northern beans , olive oil , plum tomatoes , black pepper , sea salt , fresh basil , lime juice , fresh oregano,,,,,,,,,,,,,,,,,,,,,,,,,,,,,,,,,,,,,,,,
italian,Vegeterian,cayenne , salt , olive oil , paprika , chopped parsley , pitted black olives , red wine vinegar , seedless oranges , ground black pepper , garlic,,,,,,,,,,,,,,,,,,,,,,,,,,,,,,,,,,,,,,,,
italian,Non-Vegeterian,cheddar cheese , lasagna noodles , chili powder , sauce , minced garlic , bay leaves , balsamic vinegar , onions , tomato sauce , marinara sauce , parsley , ground beef , tomato paste , low-fat cottage cheese , basil leaves , stewed tomatoes , ground oregano,,,,,,,,,,,,,,,,,,,,,,,,,,,,,,,,,
italian,Non-Vegeterian,tomatoes , zucchini , garlic , pinenuts , red wine vinegar , black pepper , golden raisins , olive oil , anchovy paste,,,,,,,,,,,,,,,,,,,,,,,,,,,,,,,,,,,,,,,,,
italian,Non-Vegeterian,brown sugar , pepper , fat-free chicken broth , olive oil flavored cooking spray , boneless chicken thighs , balsamic vinegar , chopped onion , dried tarragon leaves , dry white wine , salt , polenta , tomato paste , black pepper , red pepper , tarragon,,,,,,,,,,,,,,,,,,,,,,,,,,,,,,,,,,,
italian,Non-Vegeterian,reduced fat cream cheese , ground black pepper , all-purpose flour , chicken broth , olive oil , garlic , white wine , butter , boneless skinless chicken breast halves , fresh basil , prosciutto , purple onion,,,,,,,,,,,,,,,,,,,,,,,,,,,,,,,,,,,,,,
italian,Non-Vegeterian,part-skim mozzarella , seasoned bread crumbs , pecorino romano cheese , frozen peas , tomato sauce , water , long-grain rice , lean ground turkey , pepper , salt , egg beaters , sausage links , cooking spray , onions,,,,,,,,,,,,,,,,,,,,,,,,,,,,,,,,,,,,
italian,Non-Vegeterian,fettucine , ground black pepper , chicken breasts , fresh lemon juice , fat free milk , mushrooms , salt , artichoke hearts , cooking spray , butter , fresh parmesan cheese , green onions , all-purpose flour,,,,,,,,,,,,,,,,,,,,,,,,,,,,,,,,,,,,,
italian,Vegeterian,water , salt , baking powder , white sugar , active dry yeast , all-purpose flour , warm water , vegetable oil,,,,,,,,,,,,,,,,,,,,,,,,,,,,,,,,,,,,,,,,,,
italian,Non-Vegeterian,ground ginger , garlic , pepper , sweet italian sausage , cream , salt , pasta , pumpkin pur?â??e , onions,,,,,,,,,,,,,,,,,,,,,,,,,,,,,,,,,,,,,,,,,
italian,Non-Vegeterian,pepper , beef bouillon granules , carrots , onions , celery ribs , dried basil , vegetable oil , bay leaf , dried oregano , water , grated parmesan cheese , green beans , spaghetti , pasta , kidney beans , garlic cloves , fresh parsley,,,,,,,,,,,,,,,,,,,,,,,,,,,,,,,,,
italian,Non-Vegeterian,sugar , sherry , lady fingers , milk , whipped cream , genoise , pistachio nuts , angelica , egg yolks , candied cherries,,,,,,,,,,,,,,,,,,,,,,,,,,,,,,,,,,,,,,,,
italian,Non-Vegeterian,olive oil , basil , oregano , tomato sauce , bay leaves , ground beef , sausage casings , ground black pepper , garlic , kosher salt , diced tomatoes , onions,,,,,,,,,,,,,,,,,,,,,,,,,,,,,,,,,,,,,,
italian,Vegeterian,risotto mix , goat cheese , olive oil,,,,,,,,,,,,,,,,,,,,,,,,,,,,,,,,,,,,,,,,,,,,,,,
italian,Vegeterian,olive oil , roasted garlic , noodles , tomatoes , crimini mushrooms , red bell pepper , grated parmesan cheese , fresh oregano , fresh rosemary , tapenade , fresh asparagus,,,,,,,,,,,,,,,,,,,,,,,,,,,,,,,,,,,,,,,
italian,Non-Vegeterian,grated parmesan cheese , polenta , canned chicken broth , butter , water , bay leaf , leeks,,,,,,,,,,,,,,,,,,,,,,,,,,,,,,,,,,,,,,,,,,,
italian,Non-Vegeterian,rotini , marinara sauce , seasoned bread crumbs , chicken , shredded mozzarella cheese,,,,,,,,,,,,,,,,,,,,,,,,,,,,,,,,,,,,,,,,,,,,,
italian,Non-Vegeterian,fat free less sodium chicken broth , part-skim mozzarella cheese , shallots , fresh lemon juice , saffron threads , water , ground black pepper , quick-cooking barley , pinenuts , quinoa , 1% low-fat milk , asparagus spears , arborio rice , olive oil , dry white wine , salt,,,,,,,,,,,,,,,,,,,,,,,,,,,,,,,,,,
italian,Vegeterian,black pepper , grated parmesan cheese , garlic , kosher salt , potatoes , sausages , olive oil , bell pepper , onions , fresh rosemary , dijon mustard , extra-virgin olive oil , italian seasoning,,,,,,,,,,,,,,,,,,,,,,,,,,,,,,,,,,,,,
jamaican,Non-Vegeterian,chicken stock , olive oil , salt , garlic cloves , water , green onions , dry bread crumbs , ground turmeric , shortening , ground black pepper , all-purpose flour , onions , curry powder , lean ground beef , margarine , ground cumin,,,,,,,,,,,,,,,,,,,,,,,,,,,,,,,,,,
jamaican,Vegeterian,ground red pepper , salt , cinnamon , onion powder , ground allspice , sugar , ground thyme,,,,,,,,,,,,,,,,,,,,,,,,,,,,,,,,,,,,,,,,,,,
jamaican,Non-Vegeterian,corn flakes , grate lime peel , jerk seasoning , honey mustard dressing , egg whites , mango , honey , boneless skinless chicken breasts,,,,,,,,,,,,,,,,,,,,,,,,,,,,,,,,,,,,,,,,,,
jamaican,Non-Vegeterian,coconut milk , fresh thyme , allspice , boneless skinless chicken breasts , onions,,,,,,,,,,,,,,,,,,,,,,,,,,,,,,,,,,,,,,,,,,,,,
jamaican,Non-Vegeterian,jamaican rum , baking powder , salt , pineapple slices , unsweetened shredded dried coconut , vanilla extract , pineapple juice , eggs , butter , all-purpose flour , brown sugar , cocktail cherries , white sugar,,,,,,,,,,,,,,,,,,,,,,,,,,,,,,,,,,,,,
jamaican,Vegeterian,coconut rum , lime , ice , lime juice , juice , blueberries,,,,,,,,,,,,,,,,,,,,,,,,,,,,,,,,,,,,,,,,,,,,
jamaican,Non-Vegeterian,water , cooking spray , chutney , steak sauce , ground black pepper , salt , low sodium worcestershire sauce , chips , hot sauce , bottled chili sauce , no salt added ketchup , beef tenderloin,,,,,,,,,,,,,,,,,,,,,,,,,,,,,,,,,,,,,,
jamaican,Non-Vegeterian,tumeric , water , lean ground beef , thyme , eggs , pepper , unsalted butter , butter flavor shortening , chicken stock , kosher salt , seasoning salt , vegetable oil , onions , unseasoned breadcrumbs , minced garlic , flour , scallions,,,,,,,,,,,,,,,,,,,,,,,,,,,,,,,,,
jamaican,Non-Vegeterian,tomato paste , callaloo , carrots , onions , potatoes , salt , coconut milk , black pepper , hot pepper , thyme , ground ginger , boneless skinless chicken breasts , scallions , squash,,,,,,,,,,,,,,,,,,,,,,,,,,,,,,,,,,,,
jamaican,Non-Vegeterian,soy sauce , salt , onions , ground ginger , garlic powder , thyme leaves , lime , ground allspice , chicken thighs , brown sugar , vegetable oil , ground cayenne pepper,,,,,,,,,,,,,,,,,,,,,,,,,,,,,,,,,,,,,,
jamaican,Non-Vegeterian,cooked rice , jamaican jerk season , peanuts , pork strips , soy sauce , cooking oil , plum sauce , sweet pepper,,,,,,,,,,,,,,,,,,,,,,,,,,,,,,,,,,,,,,,,,,
jamaican,Vegeterian,ground black pepper , salt , red kidney beans , large garlic cloves , long-grain rice , water , sea salt , unsweetened coconut milk , fresh thyme leaves , scallions,,,,,,,,,,,,,,,,,,,,,,,,,,,,,,,,,,,,,,,,
jamaican,Non-Vegeterian,rump roast , cooking oil , boiling water , pepper , salt , black pepper , garlic , dried thyme , onions,,,,,,,,,,,,,,,,,,,,,,,,,,,,,,,,,,,,,,,,,
jamaican,Non-Vegeterian,soy sauce , olive oil , ground sage , ground allspice , chili flakes , lime juice , ground pepper , boneless skinless chicken breasts , onions , ground cinnamon , pepper , garlic powder , vinegar , orange juice , sugar , dried thyme , ground nutmeg , salt,,,,,,,,,,,,,,,,,,,,,,,,,,,,,,,,
jamaican,Non-Vegeterian,water , paprika , granulated garlic , flour , oil , eggs , milk , salt , black pepper , ground thyme,,,,,,,,,,,,,,,,,,,,,,,,,,,,,,,,,,,,,,,,
jamaican,Non-Vegeterian,large eggs , salt , shrimp , dried thyme , vegetable oil , garlic cloves , pepper , jalapeno chilies , all-purpose flour , onions , water , baking powder , beer,,,,,,,,,,,,,,,,,,,,,,,,,,,,,,,,,,,,,
jamaican,Non-Vegeterian,ground cinnamon , fresh ginger , mint leaves , allspice berries , chicken thighs , brown sugar , jerk paste , vegetable oil , lemon juice , black peppercorns , coriander seeds , green onions , garlic cloves , chicken , ground cloves , ground nutmeg , cilantro leaves , thyme leaves,,,,,,,,,,,,,,,,,,,,,,,,,,,,,,,,
jamaican,Vegeterian,hot chili , salt , allspice , sugar , cinnamon , garlic cloves , black pepper , habanero , onions , nutmeg , fresh thyme , scallions,,,,,,,,,,,,,,,,,,,,,,,,,,,,,,,,,,,,,,
jamaican,Vegeterian,red beans , coconut milk , water , salt , chili pepper , green onions , fresh thyme , long grain brown rice,,,,,,,,,,,,,,,,,,,,,,,,,,,,,,,,,,,,,,,,,,
jamaican,Vegeterian,unsalted butter , mango , light brown sugar , fresh lemon juice , ground allspice , crystallized ginger , white sandwich bread,,,,,,,,,,,,,,,,,,,,,,,,,,,,,,,,,,,,,,,,,,,
jamaican,Non-Vegeterian,white vinegar , pepper , ground black pepper , green onions , ground allspice , soy sauce , garlic powder , granulated sugar , ground thyme , onions , ground cinnamon , lime juice , ground sage , vegetable oil , orange juice , kosher salt , ground nutmeg , skinless chicken pieces , cayenne pepper,,,,,,,,,,,,,,,,,,,,,,,,,,,,,,,
jamaican,Vegeterian,bread crumbs , ground allspice , pork , ice water , white pepper , salt , ground ginger , ground sage , thyme leaves,,,,,,,,,,,,,,,,,,,,,,,,,,,,,,,,,,,,,,,,,
jamaican,Non-Vegeterian,ground cinnamon , lime juice , chicken breasts , rice , kidney , soy sauce , olive oil , ginger , garlic cloves , sugar , dried thyme , marinade , ground allspice , onions , white vinegar , pepper , spring onions , cayenne pepper , coconut milk,,,,,,,,,,,,,,,,,,,,,,,,,,,,,,,
jamaican,Non-Vegeterian,water , salt , coconut milk , green bell pepper , potatoes , carrots , chicken , curry powder , oil , onions , fish sauce , garlic , red bell pepper,,,,,,,,,,,,,,,,,,,,,,,,,,,,,,,,,,,,,
jamaican,Non-Vegeterian,ketchup , curry powder , butter , salt , ground beef , bread crumbs , cooking oil , habanero , scallions , black pepper , vinegar , ice water , all-purpose flour , onions , eggs , water , egg yolks , paprika , thyme,,,,,,,,,,,,,,,,,,,,,,,,,,,,,,,
japanese,Non-Vegeterian,mirin , medium shrimp , soy sauce , oil , ginger , pepper , corn starch,,,,,,,,,,,,,,,,,,,,,,,,,,,,,,,,,,,,,,,,,,,
japanese,Vegeterian,sesame seeds , peanut oil , all-purpose flour , soy sauce , seaweed , salt , soda water,,,,,,,,,,,,,,,,,,,,,,,,,,,,,,,,,,,,,,,,,,,
japanese,Non-Vegeterian,dashi , orange zest , tangerine , shoyu , light soy sauce , salt , dried fish flakes , mirin,,,,,,,,,,,,,,,,,,,,,,,,,,,,,,,,,,,,,,,,,,
japanese,Non-Vegeterian,dried sardines , konbu , mirin , shiitake , soy sauce , dried bonito flakes,,,,,,,,,,,,,,,,,,,,,,,,,,,,,,,,,,,,,,,,,,,,
japanese,Vegeterian,water , dried shiitake mushrooms , dried kelp,,,,,,,,,,,,,,,,,,,,,,,,,,,,,,,,,,,,,,,,,,,,,,,
japanese,Non-Vegeterian,soy sauce , fresh ginger root , napa cabbage , ground beef , water , shallots , shrimp , white pepper , green onions , salt , white sugar , gyoza , vegetable oil , toasted sesame oil,,,,,,,,,,,,,,,,,,,,,,,,,,,,,,,,,,,,
japanese,Non-Vegeterian,soy sauce , fresh ginger , white rice , tuna , water , sliced carrots , salt , pepper , sliced cucumber , garlic , onions , chile powder , olive oil , kim chee , rice vinegar,,,,,,,,,,,,,,,,,,,,,,,,,,,,,,,,,,,
japanese,Vegeterian,honeydew melon , sugar , plum wine , sake , red food coloring , gari , fresh lime juice,,,,,,,,,,,,,,,,,,,,,,,,,,,,,,,,,,,,,,,,,,,
japanese,Non-Vegeterian,vegetables , jalapeno chilies , vegetable oil , sea salt , rice vinegar , lemon juice , soy sauce , mirin , gluten flour , daikon , purple onion , seafood , dashi , large eggs , sweet potatoes , ice water , cilantro leaves , konbu , sugar , ground black pepper , mi , coarse salt , ginger , all-purpose flour,,,,,,,,,,,,,,,,,,,,,,,,,,
japanese,Vegeterian,red chili peppers , ginger , small red potato , radishes , stevia , green beans , water , tamari soy sauce , carrots , shirataki , seaweed , onions,,,,,,,,,,,,,,,,,,,,,,,,,,,,,,,,,,,,,,
japanese,Non-Vegeterian,gyoza skins , ground pork , toasted sesame oil , sugar , ground black pepper , salt , soy sauce , katakuriko , Japanese rice vinegar , green cabbage , water , ginger , chopped garlic,,,,,,,,,,,,,,,,,,,,,,,,,,,,,,,,,,,,,
japanese,Non-Vegeterian,chai tea , all-purpose flour , mashed banana , white sugar , baking powder , low-fat cream cheese , eggs , salt,,,,,,,,,,,,,,,,,,,,,,,,,,,,,,,,,,,,,,,,,,
japanese,Vegeterian,kirby cucumbers , rice vinegar , Fuji Apple , ginger , water , fine sea salt , sugar , red pepper,,,,,,,,,,,,,,,,,,,,,,,,,,,,,,,,,,,,,,,,,,
japanese,Vegeterian,dashi , light soy sauce , mirin,,,,,,,,,,,,,,,,,,,,,,,,,,,,,,,,,,,,,,,,,,,,,,,
japanese,Vegeterian,cream , flour , food colouring , rose water , saffron , water , double cream , sugar , lime,,,,,,,,,,,,,,,,,,,,,,,,,,,,,,,,,,,,,,,,,
japanese,Non-Vegeterian,red potato , boneless chicken skinless thigh , ground black pepper , salt , soy sauce , steamed rice , ginger , carrots , Fuji Apple , water , curry sauce , soft-boiled egg , ketchup , honey , garlic , onions,,,,,,,,,,,,,,,,,,,,,,,,,,,,,,,,,,
japanese,Non-Vegeterian,green onions , fresh spinach , button mushrooms , ramen noodles , large eggs , chili garlic paste,,,,,,,,,,,,,,,,,,,,,,,,,,,,,,,,,,,,,,,,,,,,
japanese,Non-Vegeterian,sake , fresh ginger , soy sauce , mirin , minced garlic , chicken thighs , superfine sugar,,,,,,,,,,,,,,,,,,,,,,,,,,,,,,,,,,,,,,,,,,,
japanese,Non-Vegeterian,fish fillets , mint leaves , salt , ground cumin , ajwain , ginger , green chilies , chat masala , color food orang , rice , red chili powder , black pepper , garlic , lemon juice,,,,,,,,,,,,,,,,,,,,,,,,,,,,,,,,,,,,
japanese,Non-Vegeterian,black pepper , japanese cucumber , corn , salt , water , Japanese Mayonnaise , potatoes , carrots,,,,,,,,,,,,,,,,,,,,,,,,,,,,,,,,,,,,,,,,,,
japanese,Vegeterian,virgin olive oil , mushrooms , purple onion , black pepper , vegetable stock , garlic cloves , soy sauce , parsley , tamarind paste , oats , black beans , textured soy protein , thyme,,,,,,,,,,,,,,,,,,,,,,,,,,,,,,,,,,,,,
japanese,Non-Vegeterian,firmly packed brown sugar , fresh ginger , mirin , soy sauce , tri tip , onions , minced garlic , raw cane sugar , sake , ground pepper , dry mustard,,,,,,,,,,,,,,,,,,,,,,,,,,,,,,,,,,,,,,,
japanese,Non-Vegeterian,ground black pepper , all-purpose flour , boneless chop pork , corn oil , cooked rice , large eggs , panko breadcrumbs , kosher salt , tonkatsu sauce,,,,,,,,,,,,,,,,,,,,,,,,,,,,,,,,,,,,,,,,,
japanese,Non-Vegeterian,cooked rice , filet , seasoning , mirin , green tea , low sodium soy sauce , bonito flakes,,,,,,,,,,,,,,,,,,,,,,,,,,,,,,,,,,,,,,,,,,,
japanese,Vegeterian,soba , green onions , sesame seeds , peanut sauce,,,,,,,,,,,,,,,,,,,,,,,,,,,,,,,,,,,,,,,,,,,,,,
korean,Non-Vegeterian,cooked rice , sesame seeds , garlic cloves , soy sauce , green onions , sugar , zucchini , kimchi , eggs , olive oil , sesame oil,,,,,,,,,,,,,,,,,,,,,,,,,,,,,,,,,,,,,,,
korean,Non-Vegeterian,honey , garlic , sesame seeds , Gochujang base , seeds , squid , soy sauce , sesame oil,,,,,,,,,,,,,,,,,,,,,,,,,,,,,,,,,,,,,,,,,,
korean,Vegeterian,soy sauce , garlic cloves , green onions , pepper flakes , sesame oil , roasted sesame seeds , japanese eggplants,,,,,,,,,,,,,,,,,,,,,,,,,,,,,,,,,,,,,,,,,,,
korean,Non-Vegeterian,red cabbage , vegetable broth , ginger paste , cooked rice , vegetable oil , chopped onion , sesame oil , cubed ham , soy sauce , extra large eggs , shredded zucchini,,,,,,,,,,,,,,,,,,,,,,,,,,,,,,,,,,,,,,,
korean,Non-Vegeterian,zucchini , kimchi , green onions , cooking oil , sweet rice wine , eggs , salt,,,,,,,,,,,,,,,,,,,,,,,,,,,,,,,,,,,,,,,,,,,
korean,Non-Vegeterian,ginger juice , fish sauce , garlic , sambal ulek , lime juice , brown sugar,,,,,,,,,,,,,,,,,,,,,,,,,,,,,,,,,,,,,,,,,,,,
korean,Vegeterian,fresh spinach , dark sesame oil , sesame seeds , kosher salt , garlic cloves , low sodium soy sauce , green onions,,,,,,,,,,,,,,,,,,,,,,,,,,,,,,,,,,,,,,,,,,,
korean,Vegeterian,reduced sodium soy sauce , brown sugar , toasted sesame seeds , dried shiitake mushrooms , ground black pepper,,,,,,,,,,,,,,,,,,,,,,,,,,,,,,,,,,,,,,,,,,,,,
korean,Non-Vegeterian,cooked rice , scallions , sesame oil , soy sauce , kimchi , eggs , garlic,,,,,,,,,,,,,,,,,,,,,,,,,,,,,,,,,,,,,,,,,,,
korean,Non-Vegeterian,lettuce , caster sugar , chilli paste , sake , minced garlic , toasted sesame oil , sirloin , ground black pepper , soy sauce , spring onions,,,,,,,,,,,,,,,,,,,,,,,,,,,,,,,,,,,,,,,,
korean,Non-Vegeterian,sugar , sesame oil , glass noodles , eggs , light soy sauce , onions , spinach , mushrooms , toasted sesame seeds , pork , carrots,,,,,,,,,,,,,,,,,,,,,,,,,,,,,,,,,,,,,,,
korean,Non-Vegeterian,soy sauce , russet potatoes , imitation crab meat , enokitake , Gochujang base , shrimp , water , seafood , oyster sauce , mussels , napa cabbage leaves , firm tofu , onions,,,,,,,,,,,,,,,,,,,,,,,,,,,,,,,,,,,,,
korean,Non-Vegeterian,white vinegar , sesame seeds , corn syrup , carrots , fresca , baby radishes , seaweed , light brown sugar , sesame oil , Gochujang base , boiled eggs , buckwheat noodles , english cucumber,,,,,,,,,,,,,,,,,,,,,,,,,,,,,,,,,,,,,
korean,Non-Vegeterian,sesame seeds , garlic , carrots , rice syrup , sesame oil , Gochujang base , white sugar , green onions , corn syrup , onions , fishcake , vegetable oil , green chilies,,,,,,,,,,,,,,,,,,,,,,,,,,,,,,,,,,,,,
korean,Non-Vegeterian,eggs , mushrooms , bacon , carrots , toasted sesame seeds , sugar , sesame oil , Gochujang base , kimchi , spinach , brown rice , garlic , beansprouts , red cabbage , red pepper flakes , scallions , toasted nori,,,,,,,,,,,,,,,,,,,,,,,,,,,,,,,,,
korean,Vegeterian,soy sauce , garlic cloves , cooked rice , ground pepper , sugar , roast , lettuce , sesame seeds,,,,,,,,,,,,,,,,,,,,,,,,,,,,,,,,,,,,,,,,,,
korean,Non-Vegeterian,miso paste , kimchi , salt , nori , jumbo shrimp , scallions , canola oil , unsalted butter , toasted sesame oil,,,,,,,,,,,,,,,,,,,,,,,,,,,,,,,,,,,,,,,,,
korean,Non-Vegeterian,soy sauce , sweet potatoes , onions , roasted sesame seeds , sesame oil , kale , green onions , glass noodles , brown sugar , cooking oil , garlic,,,,,,,,,,,,,,,,,,,,,,,,,,,,,,,,,,,,,,,
korean,Non-Vegeterian,rice wine , scallions , sesame seeds , vegetable oil , soy sauce , sesame oil , flank steak , garlic,,,,,,,,,,,,,,,,,,,,,,,,,,,,,,,,,,,,,,,,,,
korean,Vegeterian,gochugaru , garlic , chinese eggplants , green onions , toasted sesame seeds , soy sauce , sesame oil,,,,,,,,,,,,,,,,,,,,,,,,,,,,,,,,,,,,,,,,,,,
korean,Non-Vegeterian,soy sauce , scallions , eggs , Gochujang base , toasted sesame oil , vegetable oil , kimchi , kimchi juice , rice,,,,,,,,,,,,,,,,,,,,,,,,,,,,,,,,,,,,,,,,,
korean,Vegeterian,rice cakes , sugar , canola oil,,,,,,,,,,,,,,,,,,,,,,,,,,,,,,,,,,,,,,,,,,,,,,,
korean,Non-Vegeterian,boneless chicken breast , scallions , sweet rice , garlic , zucchini , carrots , water , salt,,,,,,,,,,,,,,,,,,,,,,,,,,,,,,,,,,,,,,,,,,
korean,Non-Vegeterian,large eggs , oil , sweet red bean paste , maple syrup , water , all-purpose flour , sugar , baking powder,,,,,,,,,,,,,,,,,,,,,,,,,,,,,,,,,,,,,,,,,,
korean,Non-Vegeterian,chicken stock , green onions , fried eggs , garlic , garlic chili sauce , ghee , sesame seeds , daikon , red pepper , rice vinegar , cucumber , pepper , fresh shiitake mushrooms , sirloin steak , salt , carrots , steamed white rice , baby spinach , ginger , coconut aminos , toasted sesame oil,,,,,,,,,,,,,,,,,,,,,,,,,,,,,
mexican,Non-Vegeterian,mushrooms , chopped onion , tomato sauce , cheese , dried oregano , lean ground turkey , chili powder , garlic cloves , tortillas , salt,,,,,,,,,,,,,,,,,,,,,,,,,,,,,,,,,,,,,,,,
mexican,Non-Vegeterian,black beans , green onions , olives , avocado , Mexican cheese blend , salsa , lime juice , cooked chicken , fajita seasoning mix , Daisy Sour Cream , blue corn tortilla chips , banana peppers,,,,,,,,,,,,,,,,,,,,,,,,,,,,,,,,,,,,,,
mexican,Non-Vegeterian,chicken stock , vegetable oil , tortilla chips , crema mexican , epazote , chopped cilantro fresh , jalapeno chilies , cheese , white onion , tomatillos , garlic cloves,,,,,,,,,,,,,,,,,,,,,,,,,,,,,,,,,,,,,,,
mexican,Non-Vegeterian,shredded cheddar cheese , flour tortillas , chili powder , salsa , onions , ground black pepper , half & half , cilantro , red bell pepper , minced garlic , jalapeno chilies , butter , hot sauce , chorizo sausage , large eggs , green onions , shredded pepper jack cheese , sour cream,,,,,,,,,,,,,,,,,,,,,,,,,,,,,,,,
mexican,Non-Vegeterian,taco shells , minced onion , shredded lettuce , cumin , sugar , seasoning salt , chili powder , corn flour , shredded cheddar cheese , beef bouillon , paprika , ground chuck , garlic powder , onion powder , garlic salt,,,,,,,,,,,,,,,,,,,,,,,,,,,,,,,,,,,
mexican,Non-Vegeterian,chicken broth , chicken breasts , corn tortillas , condensed cream of chicken soup , condensed cream of mushroom soup , garlic salt , shredded cheddar cheese , diced tomatoes , green bell pepper , chili powder , onions,,,,,,,,,,,,,,,,,,,,,,,,,,,,,,,,,,,,,,,
mexican,Vegeterian,zucchini , lemon juice , tomatoes , vegetable oil , ground cumin , avocado , green onions , garlic salt , picante sauce , frozen corn kernels,,,,,,,,,,,,,,,,,,,,,,,,,,,,,,,,,,,,,,,,
mexican,Vegeterian,crushed garlic , chopped cilantro fresh , olive oil , carrots , chile paste , vegetable broth , potatoes , onions,,,,,,,,,,,,,,,,,,,,,,,,,,,,,,,,,,,,,,,,,,
mexican,Non-Vegeterian,pico de gallo , vegetable oil spray , guacamole , tortilla chips , black beans , radishes , cilantro leaves , sour cream , cotija , hot pepper sauce , cheese , beer , white onion , jalapeno chilies , salsa , carnitas,,,,,,,,,,,,,,,,,,,,,,,,,,,,,,,,,,
mexican,Non-Vegeterian,salsa verde , chili powder , cream cheese , ground cumin , cooking spray , cheese , chopped cilantro , flour tortillas , onion powder , fresh lime juice , cooked chicken , garlic , sliced green onions,,,,,,,,,,,,,,,,,,,,,,,,,,,,,,,,,,,,,
mexican,Non-Vegeterian,lime juice , butter , chopped cilantro fresh , reduced sodium chicken broth , flour , sour cream , kosher salt , tomatillos , poblano chiles , halibut fillets , chopped onion,,,,,,,,,,,,,,,,,,,,,,,,,,,,,,,,,,,,,,,
mexican,Non-Vegeterian,green onions , salt , chicken , salsa verde , yellow corn , green chilies , avocado , chili powder , grated jack cheese , ground cumin , ground black pepper , whipping cream , chopped cilantro fresh,,,,,,,,,,,,,,,,,,,,,,,,,,,,,,,,,,,,,
mexican,Non-Vegeterian,fresh cilantro , Tabasco Pepper Sauce , taco seasoning , black beans , garlic powder , purple onion , ground turkey , green chile , olive oil , tomatoes with juice , juice , lime juice , flour tortillas , salt , onions,,,,,,,,,,,,,,,,,,,,,,,,,,,,,,,,,,,
mexican,Vegeterian,all-purpose flour , vegetable oil , warm water , lard , salt,,,,,,,,,,,,,,,,,,,,,,,,,,,,,,,,,,,,,,,,,,,,,
mexican,Non-Vegeterian,pork shoulder roast , fresh orange juice , corn tortillas , ground cumin , kosher salt , tomato salsa , pickled onion , dried oregano , ground black pepper , achiote paste , fresh lime juice , red wine vinegar , garlic cloves , onions,,,,,,,,,,,,,,,,,,,,,,,,,,,,,,,,,,,,
mexican,Vegeterian,base , lemon juice , water , fine salt , dried chile , molasses , vinegar , carrots , granulated sugar , yellow onion , ground cumin,,,,,,,,,,,,,,,,,,,,,,,,,,,,,,,,,,,,,,,
mexican,Vegeterian,half & half , cocoa , tequila,,,,,,,,,,,,,,,,,,,,,,,,,,,,,,,,,,,,,,,,,,,,,,,
mexican,Non-Vegeterian,eggs , salt , onion powder , american cheese slices , white bread , diced tomatoes , ground black pepper , ground beef,,,,,,,,,,,,,,,,,,,,,,,,,,,,,,,,,,,,,,,,,,
mexican,Vegeterian,tomatoes , cooking spray , chili powder , garlic cloves , ground cumin , red kidnei beans, rins and drain , ground red pepper , chopped onion , ripe olives , green chile , green onions , salsa , long grain brown rice , reduced fat cheddar cheese , ranch dressing , ground coriander , iceberg lettuce,,,,,,,,,,,,,,,,,,,,,,,,,,,,,,,,
mexican,Vegeterian,avocado , garlic cloves , chili , onions , fresh coriander , fresh lime juice , salt , ground cumin,,,,,,,,,,,,,,,,,,,,,,,,,,,,,,,,,,,,,,,,,,
mexican,Non-Vegeterian,lime , Mexican oregano , green chilies , onions , black pepper , salted butter , cilantro , buffalo , organic chicken broth , sugar , cherry tomatoes , chili powder , beer , cumin , chorizo , pepper jack , salt , garlic cloves , masa,,,,,,,,,,,,,,,,,,,,,,,,,,,,,,,
mexican,Non-Vegeterian,cheddar cheese , guacamole , cheese , garlic cloves , oregano , tomatoes , taco shells , lean ground beef , salsa , onions , chicken broth , black pepper , chili powder , salt , sour cream , cumin , fresh tomatoes , olive oil , shredded lettuce , hot sauce , coriander,,,,,,,,,,,,,,,,,,,,,,,,,,,,,
mexican,Vegeterian,salsa , shredded cheddar cheese , flour tortillas,,,,,,,,,,,,,,,,,,,,,,,,,,,,,,,,,,,,,,,,,,,,,,,
mexican,Non-Vegeterian,lime , Tabasco Pepper Sauce , coriander , boneless skinless chicken breasts , garlic , italian salad dressing , ranch dressing , salt , cumin , water , chili powder , onions,,,,,,,,,,,,,,,,,,,,,,,,,,,,,,,,,,,,,,
mexican,Vegeterian,tomatoes , red pepper , oregano , jalapeno chilies , corn tortillas , refried beans , hot sauce , avocado , red pepper flakes , onions,,,,,,,,,,,,,,,,,,,,,,,,,,,,,,,,,,,,,,,,
southern_us,Non-Vegeterian,frozen pie crust , bourbon whiskey , powdered sugar , chop fine pecan , heavy whipping cream , eggs , unsalted butter , vanilla , sugar , flour , chocolate chips,,,,,,,,,,,,,,,,,,,,,,,,,,,,,,,,,,,,,,,
southern_us,Non-Vegeterian,sugar , freshly ground pepper , worcestershire sauce , mayonaise , salt , cider vinegar , lemon juice,,,,,,,,,,,,,,,,,,,,,,,,,,,,,,,,,,,,,,,,,,,
southern_us,Non-Vegeterian,large eggs , 1% low-fat milk , yellow corn meal , baking powder , all-purpose flour , sugar , butter , cooking spray , salt,,,,,,,,,,,,,,,,,,,,,,,,,,,,,,,,,,,,,,,,,
southern_us,Non-Vegeterian,red potato , low-sodium fat-free chicken broth , crushed red pepper , carrots , white onion , worcestershire sauce , all-purpose flour , nonfat buttermilk , butter , salt , fresh parsley , celery ribs , chicken breast halves , green peas , frozen corn kernels,,,,,,,,,,,,,,,,,,,,,,,,,,,,,,,,,,,
southern_us,Non-Vegeterian,water , stevia powder , tea bags , peaches,,,,,,,,,,,,,,,,,,,,,,,,,,,,,,,,,,,,,,,,,,,,,,
southern_us,Non-Vegeterian,eggs , vanilla extract , pie crust , sweet potatoes , white sugar , ground cinnamon , butter , milk , salt,,,,,,,,,,,,,,,,,,,,,,,,,,,,,,,,,,,,,,,,,
southern_us,Non-Vegeterian,diced onions , yellow mustard seeds , chili pepper , crushed tomatoes , baking soda , pork ribs , shallots , coarse salt , heavy cream , salt , sour cream , ground beef , dried oregano , eggs , baby bok choy , water , hungarian paprika , unsalted butter , mushrooms , apple cider vinegar , large garlic cloves , vanilla , garlic cloves , coconut milk , boiling water , brown sugar , soy sauce , lime juice , garlic powder , finely chopped onion , baking powder , vegetable oil , red wine , oyster mushrooms , confectioners sugar , chipotle peppers , white sandwich bread , chicken broth , sugar , pepper , milk , instant espresso powder , grated parmesan cheese , chili powder , cinnamon , ginger , all-purpose flour , chopped parsley , noodles , unsweetened cocoa powder
southern_us,Non-Vegeterian,large eggs , all-purpose flour , black pepper , vegetable oil , whole milk , rib pork chops , salt,,,,,,,,,,,,,,,,,,,,,,,,,,,,,,,,,,,,,,,,,,,
southern_us,Non-Vegeterian,mayonaise , dijon mustard , fines herbes , garlic powder , old bay seasoning , unsalted butter , worcestershire sauce , lump crab meat , large eggs , Italian seasoned breadcrumbs,,,,,,,,,,,,,,,,,,,,,,,,,,,,,,,,,,,,,,,,
southern_us,Vegeterian,ketchup , ground red pepper , salt , garlic powder , apple cider vinegar , firmly packed brown sugar , unsalted butter , worcestershire sauce , black pepper , onion powder , ground cumin,,,,,,,,,,,,,,,,,,,,,,,,,,,,,,,,,,,,,,,
southern_us,Vegeterian,baking soda , vegetable shortening , cake flour , chocolate baking bar , ground cinnamon , cooking spray , Domino Light Brown Sugar , icing , cream , butter , vanilla extract , chocolate curls , large eggs , buttermilk , salt , boiling water,,,,,,,,,,,,,,,,,,,,,,,,,,,,,,,,,,
southern_us,Non-Vegeterian,ground ginger , unbaked pie crusts , bourbon whiskey , eggs , egg whites , vanilla extract , ground cinnamon , milk , butter , sugar , sweet potatoes , salt,,,,,,,,,,,,,,,,,,,,,,,,,,,,,,,,,,,,,,
southern_us,Non-Vegeterian,dry white wine , salt , onions , vegetable broth , croutons , collard greens , crushed red pepper , carrots , vegetable oil , garlic cloves , smoked ham hocks,,,,,,,,,,,,,,,,,,,,,,,,,,,,,,,,,,,,,,,
southern_us,Non-Vegeterian,egg yolks , butter , corn starch , sugar , whole milk , vanilla extract , half & half , heavy cream , bananas , Nilla Wafers , salt,,,,,,,,,,,,,,,,,,,,,,,,,,,,,,,,,,,,,,,
southern_us,Non-Vegeterian,tomatoes , green onions , crackers , cream , cream cheese , gelatin , celery , water , shrimp,,,,,,,,,,,,,,,,,,,,,,,,,,,,,,,,,,,,,,,,,
southern_us,Vegeterian,vanilla beans , tea bags , star anise , heavy cream , sugar , sweetened condensed milk,,,,,,,,,,,,,,,,,,,,,,,,,,,,,,,,,,,,,,,,,,,,
southern_us,Non-Vegeterian,buttermilk , salt , milk , whipping cream,,,,,,,,,,,,,,,,,,,,,,,,,,,,,,,,,,,,,,,,,,,,,,
southern_us,Non-Vegeterian,green bell pepper , dried thyme , bay leaf , water , bacon , onions , cooked ham , garlic powder , fresh parsley , seasoning salt , peas,,,,,,,,,,,,,,,,,,,,,,,,,,,,,,,,,,,,,,,
southern_us,Non-Vegeterian,water , garlic , white sugar , soy sauce , vegetable oil , all-purpose flour , vinegar , salt , pepper , dry mustard , pork spareribs,,,,,,,,,,,,,,,,,,,,,,,,,,,,,,,,,,,,,,,
southern_us,Non-Vegeterian,catfish fillets , ground black pepper , all-purpose flour , milk , vegetable oil , yellow corn meal , ground red pepper , hot sauce , garlic powder , salt,,,,,,,,,,,,,,,,,,,,,,,,,,,,,,,,,,,,,,,,
southern_us,Non-Vegeterian,black-eyed peas , crushed red pepper , corn bread , fat free less sodium chicken broth , watercress , chopped onion , chopped fresh thyme , salt , water , bacon slices , garlic cloves,,,,,,,,,,,,,,,,,,,,,,,,,,,,,,,,,,,,,,,
southern_us,Non-Vegeterian,light brown sugar , large eggs , fruit , teas , plain flour , baking powder , mixed spice , whiskey,,,,,,,,,,,,,,,,,,,,,,,,,,,,,,,,,,,,,,,,,,
southern_us,Vegeterian,brandy , ground black pepper , ground allspice , unsweetened cocoa powder , ground cinnamon , milk , butter , confectioners sugar , ground cloves , baking powder , chopped walnuts , shortening , baking soda , all-purpose flour , white sugar,,,,,,,,,,,,,,,,,,,,,,,,,,,,,,,,,,,
southern_us,Non-Vegeterian,green onions , cream cheese , cheddar cheese , salt , French bread loaves , chopped ham , worcestershire sauce , sour cream , pepper , hot sauce,,,,,,,,,,,,,,,,,,,,,,,,,,,,,,,,,,,,,,,,
southern_us,Non-Vegeterian,mayonaise , cayenne pepper , worcestershire sauce , shrimp , green onions , cream cheese , salt , key lime juice,,,,,,,,,,,,,,,,,,,,,,,,,,,,,,,,,,,,,,,,,,
thai,Non-Vegeterian,large eggs , scallions , chopped cilantro , light brown sugar , large garlic cloves , bird chile , asian fish sauce , shallots , beansprouts , medium shrimp , thai noodles , roasted peanuts , fresh lime juice , canola oil,,,,,,,,,,,,,,,,,,,,,,,,,,,,,,,,,,,,
thai,Non-Vegeterian,boneless chicken skinless thigh , full fat coconut milk , lime , lemongrass , potatoes , fish sauce , green curry paste,,,,,,,,,,,,,,,,,,,,,,,,,,,,,,,,,,,,,,,,,,,
thai,Non-Vegeterian,salmon fillets , white rice vinegar , squid , lime leaves , fish fillets , granulated sugar , chilli paste , green beans , red chili peppers , vegetable oil , oyster sauce , fish sauce , egg whites , roasted peanuts , cucumber,,,,,,,,,,,,,,,,,,,,,,,,,,,,,,,,,,,
thai,Vegeterian,lime juice , sugar , red pepper flakes , water , garlic cloves , fish sauce , lime peel,,,,,,,,,,,,,,,,,,,,,,,,,,,,,,,,,,,,,,,,,,,
thai,Non-Vegeterian,soy sauce , green onions , sweet basil , firmly packed brown sugar , ground turkey breast , fat skimmed chicken broth , asian fish sauce , jasmine rice , garlic , green beans , roasted cashews , pepper , serrano , salad oil,,,,,,,,,,,,,,,,,,,,,,,,,,,,,,,,,,,,
thai,Non-Vegeterian,sugar , rice sticks , unsalted dry roast peanuts , medium shrimp , ketchup , large eggs , crushed red pepper , chopped cilantro fresh , water , green onions , garlic cloves , boiling water , fish sauce , lime , vegetable oil , beansprouts,,,,,,,,,,,,,,,,,,,,,,,,,,,,,,,,,,
thai,Non-Vegeterian,toasted peanuts , palm sugar , green papaya , lime , green beans , chili pepper , garlic , fish sauce , cherry tomatoes , dried shrimp,,,,,,,,,,,,,,,,,,,,,,,,,,,,,,,,,,,,,,,,
thai,Non-Vegeterian,lemon grass , coconut milk , chicken legs , garlic , fresh basil leaves , palm sugar , curry paste , fresh ginger , salad oil , asian fish sauce,,,,,,,,,,,,,,,,,,,,,,,,,,,,,,,,,,,,,,,,
thai,Non-Vegeterian,water , shrimp , soy sauce , vegetable oil , chopped cilantro fresh , shredded cabbage , onions , minced garlic , crushed red pepper flakes,,,,,,,,,,,,,,,,,,,,,,,,,,,,,,,,,,,,,,,,,
thai,Non-Vegeterian,tomatoes , shallots , red curry paste , curry powder , chicken meat , fish sauce , vegetable oil , coconut milk , palm sugar , cilantro,,,,,,,,,,,,,,,,,,,,,,,,,,,,,,,,,,,,,,,,
thai,Non-Vegeterian,lime , oil , salt , cilantro , chicken thighs , pepper , red curry paste,,,,,,,,,,,,,,,,,,,,,,,,,,,,,,,,,,,,,,,,,,,
thai,Vegeterian,sugar , ground red pepper , garlic powder , dark sesame oil , soy sauce , rice vinegar , ground ginger , chunky peanut butter , fresh lime juice,,,,,,,,,,,,,,,,,,,,,,,,,,,,,,,,,,,,,,,,,
thai,Non-Vegeterian,black pepper , crushed red pepper flakes , fish sauce , boneless skinless chicken breasts , salt , cilantro stems , garlic , sugar , large garlic cloves , rice vinegar,,,,,,,,,,,,,,,,,,,,,,,,,,,,,,,,,,,,,,,,
thai,Non-Vegeterian,soy sauce , garlic , fresh ginger , fresh lime juice , honey , crushed red pepper , fish sauce , flank steak,,,,,,,,,,,,,,,,,,,,,,,,,,,,,,,,,,,,,,,,,,
thai,Non-Vegeterian,fresh coriander , mixed mushrooms , cucumber , soy sauce , lime , sauce , red chili peppers , broccolini , rice vinegar , coconut milk , gari , sesame seeds , skinless chicken breasts,,,,,,,,,,,,,,,,,,,,,,,,,,,,,,,,,,,,,
thai,Non-Vegeterian,unsweetened coconut milk , fresh ginger , salt , thai green curry paste , pepper , cooking oil , shrimp , asian fish sauce , chicken broth , asparagus , garlic cloves , onions , lime , basil leaves , red bell pepper,,,,,,,,,,,,,,,,,,,,,,,,,,,,,,,,,,,
thai,Non-Vegeterian,fish sauce , olive oil , green beans , boiling water , pepper , cilantro leaves , curry paste , brown sugar , salt , coconut milk , greens , chicken legs , lime juice , rice , onions,,,,,,,,,,,,,,,,,,,,,,,,,,,,,,,,,,,
thai,Non-Vegeterian,drummettes , vegetable oil , toasted sesame seeds , chicken wings , soy sauce , oyster sauce , sugar , chile de arbol , bamboo shoots , fish sauce , ground black pepper , fresh lime juice,,,,,,,,,,,,,,,,,,,,,,,,,,,,,,,,,,,,,,
thai,Non-Vegeterian,fish sauce , minced garlic , ginger , green beans , salmon fillets , lime wedges , peanut oil , bird chile , brown sugar , lime juice , red curry paste , red bell pepper , unsweetened coconut milk , jasmine rice , chiffonade , scallions , chopped cilantro,,,,,,,,,,,,,,,,,,,,,,,,,,,,,,,,,
thai,Vegeterian,jasmine flowers , coconut cream , sticky rice , white sugar , pandanus leaf , rice flour , caster sugar , salt , mango,,,,,,,,,,,,,,,,,,,,,,,,,,,,,,,,,,,,,,,,,
thai,Non-Vegeterian,jalapeno chilies , green curry paste , light coconut milk , brown sugar , chicken breasts , vegetables,,,,,,,,,,,,,,,,,,,,,,,,,,,,,,,,,,,,,,,,,,,,
thai,Non-Vegeterian,soy sauce , olive oil , chunky peanut butter , green pepper , red bell pepper , water , garlic powder , sesame oil , carrots , pepper , peanuts , green onions , lemon juice , cooked rice , fresh cilantro , beef brisket , crushed red pepper flakes , corn starch,,,,,,,,,,,,,,,,,,,,,,,,,,,,,,,,
thai,Non-Vegeterian,chicken legs , sunflower oil , lime , garlic , fresh coriander , ginger , lemon grass , green chilies,,,,,,,,,,,,,,,,,,,,,,,,,,,,,,,,,,,,,,,,,,
thai,Non-Vegeterian,fish sauce , salt , zucchini , red curry paste , eggs , chicken breasts , onions , chicken stock , pumpkin , coconut cream,,,,,,,,,,,,,,,,,,,,,,,,,,,,,,,,,,,,,,,,
thai,Non-Vegeterian,brown sugar , sesame oil , chopped cilantro fresh , fresh ginger root , rice vinegar , fish sauce , tamarind juice , cucumber , peanuts , red pepper flakes,,,,,,,,,,,,,,,,,,,,,,,,,,,,,,,,,,,,,,,,
